# WaveFront *.obj file (generated by Autodesk ATF)

mtllib first worm.mtl

g Body37

v -1.499300 2.301172 2.411996
v -1.299300 2.301172 2.411996
v -1.299300 2.448700 2.271909
v -1.299300 2.568720 2.107640
v -1.299300 2.657339 1.924513
v -1.299300 2.711686 1.728464
v -1.299300 2.730000 1.525848
v -1.299300 2.711686 1.323231
v -1.299300 2.657339 1.127182
v -1.299300 2.568720 0.944055
v -1.299300 2.448700 0.779787
v -1.299300 2.301172 0.639700
v -1.499300 2.301172 0.639700
v -1.499300 2.448700 0.779787
v -1.499300 2.568720 0.944055
v -1.499300 2.657339 1.127182
v -1.499300 2.711686 1.323231
v -1.499300 2.730000 1.525848
v -1.499300 2.711686 1.728464
v -1.499300 2.657339 1.924513
v -1.499300 2.568720 2.107640
v -1.499300 2.448700 2.271909
v -1.299300 2.301172 2.598924
v -1.299300 2.297806 2.573198
v -1.299300 2.287936 2.549204
v -1.299300 2.272225 2.528557
v -1.299300 2.251731 2.512647
v -1.299300 2.227834 2.502544
v -1.299300 2.202142 2.498929
v -1.299300 2.176385 2.502045
v -1.299300 2.152296 2.511682
v -1.299300 1.965814 2.594997
v -1.299300 1.767381 2.643382
v -1.299300 1.563479 2.655258
v -1.299300 1.360771 2.630234
v -1.299300 1.165878 2.569130
v -1.299300 0.985168 2.473942
v -1.299300 0.824545 2.347779
v -1.299300 0.689257 2.194762
v -1.299300 0.583723 2.019893
v -1.299300 0.511391 1.828882
v -1.299300 0.474624 1.627971
v -1.299300 0.474624 1.423724
v -1.299300 0.511391 1.222814
v -1.299300 0.583723 1.031803
v -1.299300 0.689257 0.856933
v -1.299300 0.824545 0.703917
v -1.299300 0.985168 0.577754
v -1.299300 1.165878 0.482565
v -1.299300 1.360771 0.421461
v -1.299300 1.563479 0.396438
v -1.299300 1.767381 0.408313
v -1.299300 1.965814 0.456699
v -1.299300 2.152296 0.540014
v -1.299300 2.176385 0.549651
v -1.299300 2.202142 0.552767
v -1.299300 2.227834 0.549152
v -1.299300 2.251731 0.539049
v -1.299300 2.272225 0.523139
v -1.299300 2.287936 0.502492
v -1.299300 2.297806 0.478498
v -1.299300 2.301172 0.452772
v 1.374700 2.152296 2.511682
v 1.374700 1.965814 2.594997
v 1.374700 1.767381 2.643382
v 1.374700 1.563479 2.655258
v 1.374700 1.360771 2.630234
v 1.374700 1.165878 2.569130
v 1.374700 0.985168 2.473942
v 1.374700 0.824545 2.347779
v 1.374700 0.689257 2.194762
v 1.374700 0.583723 2.019893
v 1.374700 0.511391 1.828882
v 1.374700 0.474624 1.627971
v 1.374700 0.474624 1.423724
v 1.374700 0.511391 1.222814
v 1.374700 0.583723 1.031803
v 1.374700 0.689257 0.856933
v 1.374700 0.824545 0.703917
v 1.374700 0.985168 0.577754
v 1.374700 1.165878 0.482565
v 1.374700 1.360771 0.421461
v 1.374700 1.563479 0.396438
v 1.374700 1.767381 0.408313
v 1.374700 1.965814 0.456699
v 1.374700 2.152296 0.540014
v 1.374700 2.301172 2.598924
v 1.374700 2.297806 2.573198
v 1.374700 2.287936 2.549204
v 1.374700 2.272225 2.528557
v 1.374700 2.251731 2.512647
v 1.374700 2.227834 2.502544
v 1.374700 2.202142 2.498929
v 1.374700 2.176385 2.502045
v 0.839900 2.297806 2.573198
v 0.305100 2.297806 2.573198
v -0.229700 2.297806 2.573198
v -0.764500 2.297806 2.573198
v 0.839900 2.287936 2.549204
v 0.305100 2.287936 2.549204
v -0.229700 2.287936 2.549204
v -0.764500 2.287936 2.549204
v 0.839900 2.272225 2.528557
v 0.305100 2.272225 2.528557
v -0.229700 2.272225 2.528557
v -0.764500 2.272225 2.528557
v 0.839900 2.251731 2.512647
v 0.305100 2.251731 2.512647
v -0.229700 2.251731 2.512647
v -0.764500 2.251731 2.512647
v 0.839900 2.227834 2.502544
v 0.305100 2.227834 2.502544
v -0.229700 2.227834 2.502544
v -0.764500 2.227834 2.502544
v 0.839900 2.202142 2.498929
v 0.305100 2.202142 2.498929
v -0.229700 2.202142 2.498929
v -0.764500 2.202142 2.498929
v 0.839900 2.176385 2.502045
v 0.305100 2.176385 2.502045
v -0.229700 2.176385 2.502045
v -0.764500 2.176385 2.502045
v -1.499300 2.301172 3.025848
v 1.374700 2.301172 3.025848
v 1.374700 2.301172 0.225848
v 1.374700 2.300000 0.025848
v -1.499300 2.300000 0.025848
v -1.499300 2.301172 0.225848
v 1.374700 2.301172 0.452772
v 1.374700 2.176385 0.549651
v 1.374700 2.202142 0.552767
v 1.374700 2.227834 0.549152
v 1.374700 2.251731 0.539049
v 1.374700 2.272225 0.523139
v 1.374700 2.287936 0.502492
v 1.374700 2.297806 0.478498
v 0.839900 2.176385 0.549651
v 0.305100 2.176385 0.549651
v -0.229700 2.176385 0.549651
v -0.764500 2.176385 0.549651
v 0.839900 2.202142 0.552767
v 0.305100 2.202142 0.552767
v -0.229700 2.202142 0.552767
v -0.764500 2.202142 0.552767
v 0.839900 2.227834 0.549152
v 0.305100 2.227834 0.549152
v -0.229700 2.227834 0.549152
v -0.764500 2.227834 0.549152
v 0.839900 2.251731 0.539049
v 0.305100 2.251731 0.539049
v -0.229700 2.251731 0.539049
v -0.764500 2.251731 0.539049
v 0.839900 2.272225 0.523139
v 0.305100 2.272225 0.523139
v -0.229700 2.272225 0.523139
v -0.764500 2.272225 0.523139
v 0.839900 2.287936 0.502492
v 0.305100 2.287936 0.502492
v -0.229700 2.287936 0.502492
v -0.764500 2.287936 0.502492
v 0.839900 2.297806 0.478498
v 0.305100 2.297806 0.478498
v -0.229700 2.297806 0.478498
v -0.764500 2.297806 0.478498
v 1.374700 0.300000 3.025848
v 1.374700 0.300000 0.025848
v -1.499300 0.300000 0.025848
v -1.499300 0.300000 3.025848
vt -2.894000 -2.793591 0.000000
vt -2.694000 -2.793591 0.000000
vt -2.894000 -2.589873 0.000000
vt -2.694000 -2.589873 0.000000
vt -2.894000 -2.386155 0.000000
vt -2.694000 -2.386155 0.000000
vt -2.894000 -2.182436 0.000000
vt -2.694000 -2.182436 0.000000
vt -2.894000 -1.978718 0.000000
vt -2.694000 -1.978718 0.000000
vt -2.894000 -1.775000 0.000000
vt -2.694000 -1.775000 0.000000
vt -2.894000 -1.571282 0.000000
vt -2.694000 -1.571282 0.000000
vt -2.894000 -1.367563 0.000000
vt -2.694000 -1.367563 0.000000
vt -2.894000 -1.163845 0.000000
vt -2.694000 -1.163845 0.000000
vt -2.894000 -0.960127 0.000000
vt -2.694000 -0.960127 0.000000
vt -2.894000 -0.756408 0.000000
vt -2.694000 -0.756408 0.000000
vt 0.746061 0.848700 0.000000
vt -0.746061 0.848700 0.000000
vt 0.886148 0.701172 0.000000
vt -0.886148 0.701172 0.000000
vt 0.985834 0.552296 0.000000
vt 1.069149 0.365814 0.000000
vt -0.985834 0.552296 0.000000
vt -1.069149 0.365814 0.000000
vt -0.581792 0.968720 0.000000
vt 0.581792 0.968720 0.000000
vt -0.398666 1.057339 0.000000
vt 0.398666 1.057339 0.000000
vt -0.202617 1.111686 0.000000
vt 0.202617 1.111686 0.000000
vt -0.000000 1.130000 0.000000
vt -1.073076 0.701172 0.000000
vt -1.047350 0.697806 0.000000
vt -1.023356 0.687936 0.000000
vt -1.002709 0.672225 0.000000
vt -0.986799 0.651731 0.000000
vt -0.976696 0.627834 0.000000
vt -0.973081 0.602142 0.000000
vt -0.976197 0.576385 0.000000
vt 1.117535 0.167381 0.000000
vt -1.117535 0.167381 0.000000
vt 1.129410 -0.036521 0.000000
vt -1.129410 -0.036521 0.000000
vt 1.104386 -0.239229 0.000000
vt -1.104386 -0.239229 0.000000
vt 1.043282 -0.434122 0.000000
vt -1.043282 -0.434122 0.000000
vt 0.948094 -0.614832 0.000000
vt -0.948094 -0.614832 0.000000
vt 0.821931 -0.775455 0.000000
vt -0.821931 -0.775455 0.000000
vt 0.668915 -0.910743 0.000000
vt -0.668915 -0.910743 0.000000
vt 0.494045 -1.016277 0.000000
vt -0.494045 -1.016277 0.000000
vt 0.303034 -1.088609 0.000000
vt -0.303034 -1.088609 0.000000
vt 0.102124 -1.125376 0.000000
vt -0.102124 -1.125376 0.000000
vt 0.976197 0.576385 0.000000
vt 0.973081 0.602142 0.000000
vt 0.976696 0.627834 0.000000
vt 0.986799 0.651731 0.000000
vt 1.002709 0.672225 0.000000
vt 1.023356 0.687936 0.000000
vt 1.047350 0.697806 0.000000
vt 1.073076 0.701172 0.000000
vt 2.694000 -2.972948 0.000000
vt 0.020000 -2.972948 0.000000
vt 2.694000 -3.177474 0.000000
vt 0.020000 -3.177474 0.000000
vt 2.694000 -3.382000 0.000000
vt 0.020000 -3.382000 0.000000
vt 2.694000 -3.586527 0.000000
vt 0.020000 -3.586527 0.000000
vt 2.694000 -3.791053 0.000000
vt 0.020000 -3.791053 0.000000
vt 2.694000 -3.995579 0.000000
vt 0.020000 -3.995579 0.000000
vt 2.694000 -4.200105 0.000000
vt 0.020000 -4.200105 0.000000
vt 2.694000 -4.404632 0.000000
vt 0.020000 -4.404632 0.000000
vt 2.694000 -4.609158 0.000000
vt 0.020000 -4.609158 0.000000
vt 2.694000 -4.813684 0.000000
vt 0.020000 -4.813684 0.000000
vt 2.694000 -5.018210 0.000000
vt 0.020000 -5.018210 0.000000
vt 2.694000 -5.222736 0.000000
vt 0.020000 -5.222736 0.000000
vt 2.694000 -5.427263 0.000000
vt 0.020000 -5.427263 0.000000
vt 2.694000 -5.631789 0.000000
vt 0.020000 -5.631789 0.000000
vt 2.694000 -5.836315 0.000000
vt 0.020000 -5.836315 0.000000
vt 2.694000 -6.040841 0.000000
vt 0.020000 -6.040841 0.000000
vt 2.694000 -6.245368 0.000000
vt 0.020000 -6.245368 0.000000
vt 2.694000 -6.449894 0.000000
vt 0.020000 -6.449894 0.000000
vt 2.694000 -6.654420 0.000000
vt 0.020000 -6.654420 0.000000
vt 2.694000 -6.858946 0.000000
vt 0.020000 -6.858946 0.000000
vt 2.694000 -7.063472 0.000000
vt 0.020000 -7.063472 0.000000
vt 2.694000 -7.267999 0.000000
vt 0.020000 -7.267999 0.000000
vt 2.694000 -7.472525 0.000000
vt 0.020000 -7.472525 0.000000
vt 2.694000 -7.677051 0.000000
vt 0.020000 -7.677051 0.000000
vt 0.020000 0.078055 0.000000
vt 0.554800 0.078055 0.000000
vt 0.020000 0.104073 0.000000
vt 1.089600 0.078055 0.000000
vt 1.624400 0.078055 0.000000
vt 1.624400 0.052037 0.000000
vt 2.159200 0.052037 0.000000
vt 2.159200 0.026018 0.000000
vt 2.694000 0.026018 0.000000
vt 2.694000 0.000000 0.000000
vt 2.159200 0.000000 0.000000
vt 2.694000 -0.026018 0.000000
vt 2.159200 -0.026018 0.000000
vt 2.694000 -0.052037 0.000000
vt 2.159200 -0.052037 0.000000
vt 2.694000 -0.078055 0.000000
vt 2.159200 -0.078055 0.000000
vt 2.694000 -0.104073 0.000000
vt 1.624400 -0.078055 0.000000
vt 1.089600 -0.078055 0.000000
vt 1.089600 -0.052037 0.000000
vt 0.554800 -0.052037 0.000000
vt 0.554800 -0.026018 0.000000
vt 0.020000 -0.026018 0.000000
vt 0.020000 -0.000000 0.000000
vt 0.554800 0.000000 0.000000
vt 0.020000 0.026018 0.000000
vt 0.554800 0.026018 0.000000
vt 0.020000 0.052037 0.000000
vt 0.554800 0.052037 0.000000
vt 0.020000 -0.052037 0.000000
vt 0.554800 -0.078055 0.000000
vt 0.020000 -0.104073 0.000000
vt 0.020000 -0.078055 0.000000
vt 2.694000 0.052037 0.000000
vt 2.159200 0.078055 0.000000
vt 2.694000 0.104073 0.000000
vt 2.694000 0.078055 0.000000
vt 1.089600 0.052037 0.000000
vt 1.089600 0.026018 0.000000
vt 1.089600 0.000000 0.000000
vt 1.089600 -0.026018 0.000000
vt 1.624400 0.026018 0.000000
vt 1.624400 0.000000 0.000000
vt 1.624400 -0.026018 0.000000
vt 1.624400 -0.052037 0.000000
vt -0.000000 2.894000 0.000000
vt -0.613852 2.894000 0.000000
vt -0.186928 2.694000 0.000000
vt -0.613852 0.020000 0.000000
vt -0.186928 0.020000 0.000000
vt -0.000000 2.694000 0.000000
vt 0.200003 2.774000 0.000000
vt 0.000000 2.774000 0.000000
vt 0.200003 -0.100000 0.000000
vt -0.000000 -0.100000 0.000000
vt 1.959224 0.020000 0.000000
vt 2.186148 0.020000 0.000000
vt 1.959224 2.694000 0.000000
vt 2.186148 2.894000 0.000000
vt 1.772296 2.894000 0.000000
vt 1.772296 2.694000 0.000000
vt -0.020000 -0.078055 0.000000
vt -0.554800 -0.078055 0.000000
vt -0.020000 -0.104073 0.000000
vt -1.089600 -0.078055 0.000000
vt -1.624400 -0.078055 0.000000
vt -1.624400 -0.052037 0.000000
vt -2.159200 -0.052037 0.000000
vt -2.159200 -0.026018 0.000000
vt -2.694000 -0.026018 0.000000
vt -2.694000 0.000000 0.000000
vt -2.159200 0.000000 0.000000
vt -2.694000 0.026018 0.000000
vt -2.159200 0.026018 0.000000
vt -2.694000 0.052037 0.000000
vt -2.159200 0.052037 0.000000
vt -2.694000 0.078055 0.000000
vt -2.159200 0.078055 0.000000
vt -2.694000 0.104073 0.000000
vt -1.624400 0.078055 0.000000
vt -1.089600 0.078055 0.000000
vt -1.089600 0.052037 0.000000
vt -0.554800 0.052037 0.000000
vt -0.554800 0.026018 0.000000
vt -0.020000 0.026018 0.000000
vt -0.020000 0.000000 0.000000
vt -0.554800 0.000000 0.000000
vt -0.020000 -0.026018 0.000000
vt -0.554800 -0.026018 0.000000
vt -0.020000 -0.052037 0.000000
vt -0.554800 -0.052037 0.000000
vt -0.020000 0.052037 0.000000
vt -0.554800 0.078055 0.000000
vt -0.020000 0.104073 0.000000
vt -0.020000 0.078055 0.000000
vt -2.694000 -0.052037 0.000000
vt -2.159200 -0.078055 0.000000
vt -2.694000 -0.104073 0.000000
vt -2.694000 -0.078055 0.000000
vt -1.089600 -0.052037 0.000000
vt -1.089600 -0.026018 0.000000
vt -1.089600 0.000000 0.000000
vt -1.089600 0.026018 0.000000
vt -1.624400 -0.026018 0.000000
vt -1.624400 0.000000 0.000000
vt -1.624400 0.026018 0.000000
vt -1.624400 0.052037 0.000000
vt 2.800000 0.000000 0.000000
vt 2.569149 -0.335358 0.000000
vt 3.000000 -0.001172 0.000000
vt 2.617535 -0.533791 0.000000
vt 2.629410 -0.737693 0.000000
vt 2.485834 -0.148876 0.000000
vt 2.573076 0.000000 0.000000
vt 2.476197 -0.124787 0.000000
vt 2.473081 -0.099030 0.000000
vt 2.476696 -0.073338 0.000000
vt 2.486799 -0.049441 0.000000
vt 2.502709 -0.028947 0.000000
vt 2.523356 -0.013236 0.000000
vt 2.547350 -0.003366 0.000000
vt 3.000000 -2.001172 0.000000
vt 2.604386 -0.940401 0.000000
vt 2.543282 -1.135294 0.000000
vt 2.448094 -1.316004 0.000000
vt 2.321931 -1.476627 0.000000
vt 2.168915 -1.611915 0.000000
vt 1.994045 -1.717449 0.000000
vt 1.803034 -1.789781 0.000000
vt 1.602124 -1.826548 0.000000
vt 0.000000 -2.001172 0.000000
vt 1.397876 -1.826548 0.000000
vt 1.196966 -1.789781 0.000000
vt 1.005955 -1.717449 0.000000
vt 0.831085 -1.611915 0.000000
vt 0.678069 -1.476627 0.000000
vt 0.551906 -1.316004 0.000000
vt 0.456718 -1.135294 0.000000
vt 0.395614 -0.940401 0.000000
vt 0.370590 -0.737693 0.000000
vt 0.000000 0.000000 0.000000
vt 0.382465 -0.533791 0.000000
vt 0.430851 -0.335358 0.000000
vt 0.514166 -0.148876 0.000000
vt 0.426924 0.000000 0.000000
vt 0.523803 -0.124787 0.000000
vt 0.526919 -0.099030 0.000000
vt 0.523304 -0.073338 0.000000
vt 0.513201 -0.049441 0.000000
vt 0.497291 -0.028947 0.000000
vt 0.476644 -0.013236 0.000000
vt 0.452650 -0.003366 0.000000
vt 2.200000 2.774000 0.000000
vt 0.200000 2.774000 0.000000
vt 2.200000 -0.100000 0.000000
vt 0.200000 -0.100000 0.000000
vt 1.500000 -1.300000 0.000000
vt -0.886148 0.701172 0.000000
vt -1.500000 -1.300000 0.000000
vt -1.300000 0.701172 0.000000
vt -1.500000 0.700000 0.000000
vt 1.500000 0.701172 0.000000
vt 0.886148 0.701172 0.000000
vt -0.746061 0.848700 0.000000
vt 0.746061 0.848700 0.000000
vt -0.581792 0.968720 0.000000
vt 0.581792 0.968720 0.000000
vt -0.398666 1.057339 0.000000
vt 0.398666 1.057339 0.000000
vt -0.202617 1.111686 0.000000
vt 0.202617 1.111686 0.000000
vt -0.000000 1.130000 0.000000
vt 2.001172 2.774000 0.000000
vt -0.000000 2.774000 0.000000
vt 2.001172 -0.100000 0.000000
vt -0.000000 -0.100000 0.000000
vt 0.000000 -2.774000 0.000000
vt -0.000000 0.100000 0.000000
vt -3.000000 -2.774000 0.000000
vt -3.000000 0.100000 0.000000
vn 0.000000 0.620506 0.784202
vn 0.000000 0.620506 0.784202
vn 0.000000 0.751062 0.660231
vn 0.000000 0.751062 0.660231
vn 0.000000 0.857274 0.514861
vn 0.000000 0.857274 0.514861
vn 0.000000 0.935698 0.352801
vn 0.000000 0.935698 0.352801
vn 0.000000 0.983793 0.179307
vn 0.000000 0.983793 0.179307
vn -0.000000 1.000000 -0.000000
vn -0.000000 1.000000 -0.000000
vn -0.000000 0.983793 -0.179307
vn -0.000000 0.983793 -0.179307
vn -0.000000 0.935698 -0.352801
vn -0.000000 0.935698 -0.352801
vn -0.000000 0.857274 -0.514861
vn -0.000000 0.857274 -0.514861
vn -0.000000 0.751062 -0.660231
vn -0.000000 0.751062 -0.660231
vn -0.000000 0.620506 -0.784202
vn -0.000000 0.620506 -0.784202
vn 1.000000 -0.000000 -0.000000
vn 1.000000 -0.000000 -0.000000
vn 1.000000 -0.000000 -0.000000
vn 1.000000 -0.000000 -0.000000
vn 1.000000 -0.000000 -0.000000
vn 1.000000 -0.000000 -0.000000
vn 1.000000 -0.000000 -0.000000
vn 1.000000 -0.000000 -0.000000
vn 1.000000 -0.000000 -0.000000
vn 1.000000 -0.000000 -0.000000
vn 1.000000 -0.000000 -0.000000
vn 1.000000 -0.000000 -0.000000
vn 1.000000 -0.000000 -0.000000
vn 1.000000 -0.000000 -0.000000
vn 1.000000 -0.000000 -0.000000
vn 1.000000 -0.000000 -0.000000
vn 1.000000 -0.000000 -0.000000
vn 1.000000 -0.000000 -0.000000
vn 1.000000 -0.000000 -0.000000
vn 1.000000 -0.000000 -0.000000
vn 1.000000 -0.000000 -0.000000
vn 1.000000 -0.000000 -0.000000
vn 1.000000 -0.000000 -0.000000
vn 1.000000 -0.000000 -0.000000
vn 1.000000 -0.000000 -0.000000
vn 1.000000 -0.000000 -0.000000
vn 1.000000 -0.000000 -0.000000
vn 1.000000 -0.000000 -0.000000
vn 1.000000 -0.000000 -0.000000
vn 1.000000 -0.000000 -0.000000
vn 1.000000 -0.000000 -0.000000
vn 1.000000 -0.000000 -0.000000
vn 1.000000 -0.000000 -0.000000
vn 1.000000 -0.000000 -0.000000
vn 1.000000 -0.000000 -0.000000
vn 1.000000 -0.000000 -0.000000
vn 1.000000 -0.000000 -0.000000
vn 1.000000 -0.000000 -0.000000
vn 1.000000 -0.000000 -0.000000
vn 1.000000 -0.000000 -0.000000
vn 1.000000 -0.000000 -0.000000
vn 1.000000 -0.000000 -0.000000
vn 1.000000 -0.000000 -0.000000
vn 1.000000 -0.000000 -0.000000
vn 1.000000 -0.000000 -0.000000
vn 1.000000 -0.000000 -0.000000
vn 1.000000 -0.000000 -0.000000
vn 1.000000 -0.000000 -0.000000
vn 1.000000 -0.000000 -0.000000
vn 1.000000 -0.000000 -0.000000
vn 1.000000 -0.000000 -0.000000
vn -0.000000 -0.488758 -0.872420
vn -0.000000 -0.488758 -0.872420
vn -0.000000 -0.323729 -0.946150
vn -0.000000 -0.323729 -0.946150
vn -0.000000 -0.148125 -0.988969
vn -0.000000 -0.148125 -0.988969
vn -0.000000 0.032319 -0.999478
vn -0.000000 0.032319 -0.999478
vn -0.000000 0.211707 -0.977333
vn -0.000000 0.211707 -0.977333
vn -0.000000 0.384179 -0.923259
vn -0.000000 0.384179 -0.923259
vn -0.000000 0.544099 -0.839021
vn -0.000000 0.544099 -0.839021
vn -0.000000 0.686243 -0.727372
vn -0.000000 0.686243 -0.727372
vn -0.000000 0.805967 -0.591960
vn -0.000000 0.805967 -0.591960
vn -0.000000 0.899361 -0.437208
vn -0.000000 0.899361 -0.437208
vn -0.000000 0.963371 -0.268172
vn -0.000000 0.963371 -0.268172
vn -0.000000 0.995908 -0.090375
vn -0.000000 0.995908 -0.090375
vn 0.000000 0.995908 0.090375
vn 0.000000 0.995908 0.090375
vn 0.000000 0.963371 0.268172
vn 0.000000 0.963371 0.268172
vn 0.000000 0.899361 0.437208
vn 0.000000 0.899361 0.437208
vn 0.000000 0.805967 0.591960
vn 0.000000 0.805967 0.591960
vn 0.000000 0.686243 0.727372
vn 0.000000 0.686243 0.727372
vn 0.000000 0.544099 0.839021
vn 0.000000 0.544099 0.839021
vn 0.000000 0.384179 0.923259
vn 0.000000 0.384179 0.923259
vn 0.000000 0.211707 0.977333
vn 0.000000 0.211707 0.977333
vn 0.000000 0.032319 0.999478
vn 0.000000 0.032319 0.999478
vn 0.000000 -0.148125 0.988969
vn 0.000000 -0.148125 0.988969
vn 0.000000 -0.323729 0.946150
vn 0.000000 -0.323729 0.946150
vn 0.000000 -0.488758 0.872420
vn 0.000000 -0.488758 0.872420
vn -0.000000 0.966343 -0.257257
vn -0.000000 0.966343 -0.257257
vn -0.000000 1.000000 -0.000000
vn -0.000000 0.966343 -0.257257
vn -0.000000 0.966343 -0.257257
vn -0.000000 0.867638 -0.497197
vn -0.000000 0.867638 -0.497197
vn -0.000000 0.710528 -0.703669
vn -0.000000 0.710528 -0.703669
vn -0.000000 0.505590 -0.862774
vn -0.000000 0.505590 -0.862774
vn -0.000000 0.266619 -0.963802
vn -0.000000 0.266619 -0.963802
vn -0.000000 0.009700 -0.999953
vn -0.000000 0.009700 -0.999953
vn -0.000000 -0.247871 -0.968793
vn -0.000000 -0.247871 -0.968793
vn -0.000000 -0.247871 -0.968793
vn -0.000000 -0.247871 -0.968793
vn -0.000000 0.009700 -0.999953
vn -0.000000 0.009700 -0.999953
vn -0.000000 0.266619 -0.963802
vn -0.000000 0.266619 -0.963802
vn -0.000000 0.505590 -0.862774
vn -0.000000 0.505590 -0.862774
vn -0.000000 0.710528 -0.703669
vn -0.000000 0.710528 -0.703669
vn -0.000000 0.867638 -0.497197
vn -0.000000 0.867638 -0.497197
vn -0.000000 0.009700 -0.999953
vn -0.000000 -0.247871 -0.968793
vn -0.000000 -0.247871 -0.968793
vn -0.000000 0.867638 -0.497197
vn -0.000000 0.966343 -0.257257
vn 0.000000 1.000000 0.000000
vn -0.000000 0.966343 -0.257257
vn -0.000000 0.867638 -0.497197
vn -0.000000 0.710528 -0.703669
vn -0.000000 0.505590 -0.862774
vn -0.000000 0.266619 -0.963802
vn -0.000000 0.710528 -0.703669
vn -0.000000 0.505590 -0.862774
vn -0.000000 0.266619 -0.963802
vn -0.000000 0.009700 -0.999953
vn 0.000000 1.000000 0.000000
vn 0.000000 1.000000 0.000000
vn 0.000000 1.000000 0.000000
vn 0.000000 1.000000 0.000000
vn -0.000000 0.999983 -0.005860
vn -0.000000 0.999983 -0.005860
vn -0.000000 0.999983 -0.005860
vn -0.000000 0.999983 -0.005860
vn 0.000000 1.000000 0.000000
vn 0.000000 1.000000 0.000000
vn 0.000000 1.000000 0.000000
vn 0.000000 1.000000 0.000000
vn 0.000000 1.000000 0.000000
vn 0.000000 1.000000 0.000000
vn 0.000000 -0.247871 0.968793
vn 0.000000 -0.247871 0.968793
vn 0.000000 -0.247871 0.968793
vn 0.000000 -0.247871 0.968793
vn 0.000000 0.009700 0.999953
vn 0.000000 0.009700 0.999953
vn 0.000000 0.266619 0.963802
vn 0.000000 0.266619 0.963802
vn 0.000000 0.505590 0.862774
vn 0.000000 0.505590 0.862774
vn 0.000000 0.710528 0.703669
vn 0.000000 0.710528 0.703669
vn 0.000000 0.867638 0.497197
vn 0.000000 0.867638 0.497197
vn 0.000000 0.966343 0.257257
vn 0.000000 0.966343 0.257257
vn 0.000000 0.966343 0.257257
vn 0.000000 0.966343 0.257257
vn 0.000000 0.867638 0.497197
vn 0.000000 0.867638 0.497197
vn 0.000000 0.710528 0.703669
vn 0.000000 0.710528 0.703669
vn 0.000000 0.505590 0.862774
vn 0.000000 0.505590 0.862774
vn 0.000000 0.266619 0.963802
vn 0.000000 0.266619 0.963802
vn 0.000000 0.009700 0.999953
vn 0.000000 0.009700 0.999953
vn 0.000000 0.867638 0.497197
vn 0.000000 0.966343 0.257257
vn 0.000000 0.966343 0.257257
vn 0.000000 0.009700 0.999953
vn 0.000000 -0.247871 0.968793
vn 0.000000 -0.247871 0.968793
vn 0.000000 0.009700 0.999953
vn 0.000000 0.266619 0.963802
vn 0.000000 0.505590 0.862774
vn 0.000000 0.710528 0.703669
vn 0.000000 0.266619 0.963802
vn 0.000000 0.505590 0.862774
vn 0.000000 0.710528 0.703669
vn 0.000000 0.867638 0.497197
vn 1.000000 -0.000000 -0.000000
vn 1.000000 -0.000000 -0.000000
vn 1.000000 -0.000000 -0.000000
vn 1.000000 -0.000000 -0.000000
vn 1.000000 -0.000000 -0.000000
vn 1.000000 -0.000000 -0.000000
vn 1.000000 -0.000000 -0.000000
vn 1.000000 -0.000000 -0.000000
vn 1.000000 -0.000000 -0.000000
vn 1.000000 -0.000000 -0.000000
vn 1.000000 -0.000000 -0.000000
vn 1.000000 -0.000000 -0.000000
vn 1.000000 -0.000000 -0.000000
vn 1.000000 -0.000000 -0.000000
vn 1.000000 -0.000000 -0.000000
vn 1.000000 -0.000000 -0.000000
vn 1.000000 -0.000000 -0.000000
vn 1.000000 -0.000000 -0.000000
vn 1.000000 -0.000000 -0.000000
vn 1.000000 -0.000000 -0.000000
vn 1.000000 -0.000000 -0.000000
vn 1.000000 -0.000000 -0.000000
vn 1.000000 -0.000000 -0.000000
vn 1.000000 -0.000000 -0.000000
vn 1.000000 -0.000000 -0.000000
vn 1.000000 -0.000000 -0.000000
vn 1.000000 -0.000000 -0.000000
vn 1.000000 -0.000000 -0.000000
vn 1.000000 -0.000000 -0.000000
vn 1.000000 -0.000000 -0.000000
vn 1.000000 -0.000000 -0.000000
vn 1.000000 -0.000000 -0.000000
vn 1.000000 -0.000000 -0.000000
vn 1.000000 -0.000000 -0.000000
vn 1.000000 -0.000000 -0.000000
vn 1.000000 -0.000000 -0.000000
vn 1.000000 -0.000000 -0.000000
vn 1.000000 -0.000000 -0.000000
vn 1.000000 -0.000000 -0.000000
vn 1.000000 -0.000000 -0.000000
vn 1.000000 -0.000000 -0.000000
vn 1.000000 -0.000000 -0.000000
vn 1.000000 -0.000000 -0.000000
vn 1.000000 -0.000000 -0.000000
vn 1.000000 -0.000000 -0.000000
vn -0.000000 0.000000 -1.000000
vn -0.000000 0.000000 -1.000000
vn -0.000000 0.000000 -1.000000
vn -0.000000 0.000000 -1.000000
vn -1.000000 0.000000 0.000000
vn -1.000000 0.000000 0.000000
vn -1.000000 0.000000 0.000000
vn -1.000000 0.000000 0.000000
vn -1.000000 0.000000 0.000000
vn -1.000000 0.000000 0.000000
vn -1.000000 0.000000 0.000000
vn -1.000000 0.000000 0.000000
vn -1.000000 0.000000 0.000000
vn -1.000000 0.000000 0.000000
vn -1.000000 0.000000 0.000000
vn -1.000000 0.000000 0.000000
vn -1.000000 0.000000 0.000000
vn -1.000000 0.000000 0.000000
vn -1.000000 0.000000 0.000000
vn -1.000000 0.000000 0.000000
vn 0.000000 -0.000000 1.000000
vn 0.000000 -0.000000 1.000000
vn 0.000000 -0.000000 1.000000
vn 0.000000 -0.000000 1.000000
vn 0.000000 -1.000000 0.000000
vn 0.000000 -1.000000 0.000000
vn 0.000000 -1.000000 0.000000
vn 0.000000 -1.000000 0.000000
usemtl Nylon_12_(with_Formlabs_Fuse_1_3D_Printer)
f 1/1/1 2/2/2 22/3/3
f 22/3/3 2/2/2 3/4/4
f 22/3/3 3/4/4 21/5/5
f 21/5/5 3/4/4 4/6/6
f 21/5/5 4/6/6 20/7/7
f 20/7/7 4/6/6 5/8/8
f 20/7/7 5/8/8 19/9/9
f 19/9/9 5/8/8 6/10/10
f 19/9/9 6/10/10 18/11/11
f 18/11/11 6/10/10 7/12/12
f 18/11/11 7/12/12 17/13/13
f 17/13/13 7/12/12 8/14/14
f 17/13/13 8/14/14 16/15/15
f 16/15/15 8/14/14 9/16/16
f 16/15/15 9/16/16 15/17/17
f 15/17/17 9/16/16 10/18/18
f 15/17/17 10/18/18 14/19/19
f 14/19/19 10/18/18 11/20/20
f 14/19/19 11/20/20 13/21/21
f 13/21/21 11/20/20 12/22/22
f 11/23/23 3/24/24 12/25/25
f 12/25/25 3/24/24 2/26/26
f 12/25/25 2/26/26 54/27/27
f 54/27/27 2/26/26 53/28/28
f 53/28/28 2/26/26 31/29/29
f 53/28/28 31/29/29 32/30/30
f 3/24/24 11/23/23 4/31/31
f 4/31/31 11/23/23 10/32/32
f 4/31/31 10/32/32 5/33/33
f 5/33/33 10/32/32 9/34/34
f 5/33/33 9/34/34 6/35/35
f 6/35/35 9/34/34 8/36/36
f 6/35/35 8/36/36 7/37/37
f 23/38/38 24/39/39 2/26/26
f 2/26/26 24/39/39 25/40/40
f 2/26/26 25/40/40 26/41/41
f 26/41/41 27/42/42 2/26/26
f 2/26/26 27/42/42 28/43/43
f 2/26/26 28/43/43 29/44/44
f 29/44/44 30/45/45 2/26/26
f 2/26/26 30/45/45 31/29/29
f 53/28/28 32/30/30 52/46/46
f 52/46/46 32/30/30 33/47/47
f 52/46/46 33/47/47 51/48/48
f 51/48/48 33/47/47 34/49/49
f 51/48/48 34/49/49 50/50/50
f 50/50/50 34/49/49 35/51/51
f 50/50/50 35/51/51 49/52/52
f 49/52/52 35/51/51 36/53/53
f 49/52/52 36/53/53 48/54/54
f 48/54/54 36/53/53 37/55/55
f 48/54/54 37/55/55 47/56/56
f 47/56/56 37/55/55 38/57/57
f 47/56/56 38/57/57 46/58/58
f 46/58/58 38/57/57 39/59/59
f 46/58/58 39/59/59 45/60/60
f 45/60/60 39/59/59 40/61/61
f 45/60/60 40/61/61 44/62/62
f 44/62/62 40/61/61 41/63/63
f 44/62/62 41/63/63 43/64/64
f 43/64/64 41/63/63 42/65/65
f 54/27/27 55/66/66 12/25/25
f 12/25/25 55/66/66 56/67/67
f 12/25/25 56/67/67 57/68/68
f 57/68/68 58/69/69 12/25/25
f 12/25/25 58/69/69 59/70/70
f 12/25/25 59/70/70 60/71/71
f 60/71/71 61/72/72 12/25/25
f 12/25/25 61/72/72 62/73/73
f 31/74/74 63/75/75 32/76/76
f 32/76/76 63/75/75 64/77/77
f 32/76/76 64/77/77 33/78/78
f 33/78/78 64/77/77 65/79/79
f 33/78/78 65/79/79 34/80/80
f 34/80/80 65/79/79 66/81/81
f 34/80/80 66/81/81 35/82/82
f 35/82/82 66/81/81 67/83/83
f 35/82/82 67/83/83 36/84/84
f 36/84/84 67/83/83 68/85/85
f 36/84/84 68/85/85 37/86/86
f 37/86/86 68/85/85 69/87/87
f 37/86/86 69/87/87 38/88/88
f 38/88/88 69/87/87 70/89/89
f 38/88/88 70/89/89 39/90/90
f 39/90/90 70/89/89 71/91/91
f 39/90/90 71/91/91 40/92/92
f 40/92/92 71/91/91 72/93/93
f 40/92/92 72/93/93 41/94/94
f 41/94/94 72/93/93 73/95/95
f 41/94/94 73/95/95 42/96/96
f 42/96/96 73/95/95 74/97/97
f 42/96/96 74/97/97 43/98/98
f 43/98/98 74/97/97 75/99/99
f 43/98/98 75/99/99 44/100/100
f 44/100/100 75/99/99 76/101/101
f 44/100/100 76/101/101 45/102/102
f 45/102/102 76/101/101 77/103/103
f 45/102/102 77/103/103 46/104/104
f 46/104/104 77/103/103 78/105/105
f 46/104/104 78/105/105 47/106/106
f 47/106/106 78/105/105 79/107/107
f 47/106/106 79/107/107 48/108/108
f 48/108/108 79/107/107 80/109/109
f 48/108/108 80/109/109 49/110/110
f 49/110/110 80/109/109 81/111/111
f 49/110/110 81/111/111 50/112/112
f 50/112/112 81/111/111 82/113/113
f 50/112/112 82/113/113 51/114/114
f 51/114/114 82/113/113 83/115/115
f 51/114/114 83/115/115 52/116/116
f 52/116/116 83/115/115 84/117/117
f 52/116/116 84/117/117 53/118/118
f 53/118/118 84/117/117 85/119/119
f 53/118/118 85/119/119 54/120/120
f 54/120/120 85/119/119 86/121/121
f 88/122/122 95/123/123 87/124/124
f 87/124/124 95/123/123 96/125/125
f 87/124/124 96/125/125 97/126/126
f 97/126/126 96/125/125 101/127/127
f 97/126/126 101/127/127 102/128/128
f 102/128/128 101/127/127 106/129/129
f 102/128/128 106/129/129 26/130/130
f 26/130/130 106/129/129 27/131/131
f 27/131/131 106/129/129 110/132/132
f 27/131/131 110/132/132 28/133/133
f 28/133/133 110/132/132 114/134/134
f 28/133/133 114/134/134 29/135/135
f 29/135/135 114/134/134 118/136/136
f 29/135/135 118/136/136 30/137/137
f 30/137/137 118/136/136 122/138/138
f 30/137/137 122/138/138 31/139/74
f 31/139/74 122/138/138 121/140/139
f 31/139/74 121/140/139 120/141/140
f 120/141/140 121/140/139 116/142/141
f 120/141/140 116/142/141 115/143/142
f 115/143/142 116/142/141 111/144/143
f 115/143/142 111/144/143 92/145/144
f 92/145/144 111/144/143 91/146/145
f 91/146/145 111/144/143 107/147/146
f 91/146/145 107/147/146 90/148/147
f 90/148/147 107/147/146 103/149/148
f 90/148/147 103/149/148 89/150/149
f 89/150/149 103/149/148 99/151/150
f 89/150/149 99/151/150 88/122/122
f 88/122/122 99/151/150 95/123/123
f 92/145/144 93/152/151 115/143/142
f 115/143/142 93/152/151 119/153/152
f 115/143/142 119/153/152 120/141/140
f 120/141/140 119/153/152 63/154/75
f 120/141/140 63/154/75 31/139/74
f 93/152/151 94/155/153 119/153/152
f 119/153/152 94/155/153 63/154/75
f 26/130/130 25/156/154 102/128/128
f 102/128/128 25/156/154 98/157/155
f 102/128/128 98/157/155 97/126/126
f 97/126/126 98/157/155 23/158/156
f 97/126/126 23/158/156 87/124/124
f 25/156/154 24/159/157 98/157/155
f 98/157/155 24/159/157 23/158/156
f 96/125/125 95/123/123 100/160/158
f 100/160/158 95/123/123 99/151/150
f 100/160/158 99/151/150 104/161/159
f 104/161/159 99/151/150 103/149/148
f 104/161/159 103/149/148 108/162/160
f 108/162/160 103/149/148 107/147/146
f 108/162/160 107/147/146 112/163/161
f 112/163/161 107/147/146 111/144/143
f 112/163/161 111/144/143 116/142/141
f 96/125/125 100/160/158 101/127/127
f 101/127/127 100/160/158 105/164/162
f 101/127/127 105/164/162 106/129/129
f 106/129/129 105/164/162 110/132/132
f 105/164/162 100/160/158 104/161/159
f 105/164/162 104/161/159 109/165/163
f 109/165/163 104/161/159 108/162/160
f 109/165/163 108/162/160 113/166/164
f 113/166/164 108/162/160 112/163/161
f 113/166/164 112/163/161 117/167/165
f 117/167/165 112/163/161 116/142/141
f 117/167/165 116/142/141 121/140/139
f 114/134/134 110/132/132 109/165/163
f 109/165/163 110/132/132 105/164/162
f 114/134/134 109/165/163 113/166/164
f 118/136/136 114/134/134 113/166/164
f 118/136/136 113/166/164 117/167/165
f 122/138/138 118/136/136 117/167/165
f 122/138/138 117/167/165 121/140/139
f 1/168/166 123/169/167 23/170/156
f 23/170/156 123/169/167 124/171/168
f 23/170/156 124/171/168 87/172/124
f 23/170/156 2/173/169 1/168/166
f 125/174/170 126/175/171 128/176/172
f 128/176/172 126/175/171 127/177/173
f 129/178/174 125/179/175 62/180/176
f 62/180/176 125/179/175 128/181/177
f 62/180/176 128/181/177 13/182/178
f 13/182/178 12/183/179 62/180/176
f 130/184/180 137/185/181 86/186/121
f 86/186/121 137/185/181 138/187/182
f 86/186/121 138/187/182 139/188/183
f 139/188/183 138/187/182 143/189/184
f 139/188/183 143/189/184 144/190/185
f 144/190/185 143/189/184 148/191/186
f 144/190/185 148/191/186 57/192/187
f 57/192/187 148/191/186 58/193/188
f 58/193/188 148/191/186 152/194/189
f 58/193/188 152/194/189 59/195/190
f 59/195/190 152/194/189 156/196/191
f 59/195/190 156/196/191 60/197/192
f 60/197/192 156/196/191 160/198/193
f 60/197/192 160/198/193 61/199/194
f 61/199/194 160/198/193 164/200/195
f 61/199/194 164/200/195 62/201/176
f 62/201/176 164/200/195 163/202/196
f 62/201/176 163/202/196 162/203/197
f 162/203/197 163/202/196 158/204/198
f 162/203/197 158/204/198 157/205/199
f 157/205/199 158/204/198 153/206/200
f 157/205/199 153/206/200 134/207/201
f 134/207/201 153/206/200 133/208/202
f 133/208/202 153/206/200 149/209/203
f 133/208/202 149/209/203 132/210/204
f 132/210/204 149/209/203 145/211/205
f 132/210/204 145/211/205 131/212/206
f 131/212/206 145/211/205 141/213/207
f 131/212/206 141/213/207 130/184/180
f 130/184/180 141/213/207 137/185/181
f 134/207/201 135/214/208 157/205/199
f 157/205/199 135/214/208 161/215/209
f 157/205/199 161/215/209 162/203/197
f 162/203/197 161/215/209 129/216/174
f 162/203/197 129/216/174 62/201/176
f 135/214/208 136/217/210 161/215/209
f 161/215/209 136/217/210 129/216/174
f 57/192/187 56/218/211 144/190/185
f 144/190/185 56/218/211 140/219/212
f 144/190/185 140/219/212 139/188/183
f 139/188/183 140/219/212 54/220/120
f 139/188/183 54/220/120 86/186/121
f 56/218/211 55/221/213 140/219/212
f 140/219/212 55/221/213 54/220/120
f 138/187/182 137/185/181 142/222/214
f 142/222/214 137/185/181 141/213/207
f 142/222/214 141/213/207 146/223/215
f 146/223/215 141/213/207 145/211/205
f 146/223/215 145/211/205 150/224/216
f 150/224/216 145/211/205 149/209/203
f 150/224/216 149/209/203 154/225/217
f 154/225/217 149/209/203 153/206/200
f 154/225/217 153/206/200 158/204/198
f 138/187/182 142/222/214 143/189/184
f 143/189/184 142/222/214 147/226/218
f 143/189/184 147/226/218 148/191/186
f 148/191/186 147/226/218 152/194/189
f 147/226/218 142/222/214 146/223/215
f 147/226/218 146/223/215 151/227/219
f 151/227/219 146/223/215 150/224/216
f 151/227/219 150/224/216 155/228/220
f 155/228/220 150/224/216 154/225/217
f 155/228/220 154/225/217 159/229/221
f 159/229/221 154/225/217 158/204/198
f 159/229/221 158/204/198 163/202/196
f 156/196/191 152/194/189 151/227/219
f 151/227/219 152/194/189 147/226/218
f 156/196/191 151/227/219 155/228/220
f 160/198/193 156/196/191 155/228/220
f 160/198/193 155/228/220 159/229/221
f 164/200/195 160/198/193 159/229/221
f 164/200/195 159/229/221 163/202/196
f 125/230/222 85/231/223 126/232/224
f 126/232/224 85/231/223 84/233/225
f 126/232/224 84/233/225 83/234/226
f 85/231/223 125/230/222 86/235/227
f 86/235/227 125/230/222 129/236/228
f 86/235/227 129/236/228 130/237/229
f 130/237/229 129/236/228 131/238/230
f 131/238/230 129/236/228 132/239/231
f 132/239/231 129/236/228 133/240/232
f 133/240/232 129/236/228 134/241/233
f 134/241/233 129/236/228 135/242/234
f 135/242/234 129/236/228 136/243/235
f 126/232/224 83/234/226 166/244/236
f 166/244/236 83/234/226 82/245/237
f 166/244/236 82/245/237 81/246/238
f 81/246/238 80/247/239 166/244/236
f 166/244/236 80/247/239 79/248/240
f 166/244/236 79/248/240 78/249/241
f 78/249/241 77/250/242 166/244/236
f 166/244/236 77/250/242 76/251/243
f 166/244/236 76/251/243 75/252/244
f 166/244/236 75/252/244 165/253/245
f 165/253/245 75/252/244 74/254/246
f 165/253/245 74/254/246 73/255/247
f 73/255/247 72/256/248 165/253/245
f 165/253/245 72/256/248 71/257/249
f 165/253/245 71/257/249 70/258/250
f 70/258/250 69/259/251 165/253/245
f 165/253/245 69/259/251 68/260/252
f 165/253/245 68/260/252 67/261/253
f 67/261/253 66/262/254 165/253/245
f 165/253/245 66/262/254 124/263/255
f 124/263/255 66/262/254 65/264/256
f 124/263/255 65/264/256 64/265/257
f 64/265/257 63/266/258 124/263/255
f 124/263/255 63/266/258 87/267/259
f 87/267/259 63/266/258 94/268/260
f 87/267/259 94/268/260 93/269/261
f 93/269/261 92/270/262 87/267/259
f 87/267/259 92/270/262 91/271/263
f 87/267/259 91/271/263 90/272/264
f 90/272/264 89/273/265 87/267/259
f 87/267/259 89/273/265 88/274/266
f 126/275/267 166/276/268 127/277/269
f 127/277/269 166/276/268 167/278/270
f 168/279/271 13/280/272 167/281/273
f 167/281/273 13/280/272 128/282/274
f 167/281/273 128/282/274 127/283/275
f 123/284/276 1/285/277 168/279/271
f 168/279/271 1/285/277 13/280/272
f 13/280/272 1/285/277 14/286/278
f 14/286/278 1/285/277 22/287/279
f 14/286/278 22/287/279 15/288/280
f 15/288/280 22/287/279 21/289/281
f 15/288/280 21/289/281 16/290/282
f 16/290/282 21/289/281 20/291/283
f 16/290/282 20/291/283 17/292/284
f 17/292/284 20/291/283 19/293/285
f 17/292/284 19/293/285 18/294/286
f 165/295/287 124/296/288 168/297/289
f 168/297/289 124/296/288 123/298/290
f 165/299/291 168/300/292 166/301/293
f 166/301/293 168/300/292 167/302/294
g Body60

v 2.574700 1.948867 2.725825
v 2.574700 1.648867 3.025825
v 2.574700 0.300000 3.025825
v 2.574700 0.300000 0.025825
v 2.574700 1.648867 0.025825
v 2.574700 1.948867 0.325825
v 2.574700 1.948867 1.167647
v 2.574700 2.020841 1.255839
v 2.574700 2.071002 1.358025
v 2.574700 2.096750 1.468908
v 2.574700 2.096750 1.582742
v 2.574700 2.071002 1.693625
v 2.574700 2.020841 1.795811
v 2.574700 1.948867 1.884003
v 1.424700 0.300000 0.025825
v 1.424700 1.648867 0.025825
v 1.424700 0.300000 3.025825
v 1.424700 1.648867 3.025825
v 1.424700 1.948867 2.725825
v 2.374700 1.871698 1.106086
v 2.374700 1.764910 1.053803
v 2.374700 1.648797 1.028212
v 2.374700 1.529924 1.030760
v 2.374700 1.415014 1.061303
v 2.374700 1.310565 1.118115
v 2.374700 1.222483 1.197982
v 2.374700 1.155749 1.296388
v 2.374700 1.114137 1.407768
v 2.374700 1.100000 1.525825
v 2.374700 1.114137 1.643881
v 2.374700 1.155749 1.755262
v 2.374700 1.222483 1.853668
v 2.374700 1.310565 1.933535
v 2.374700 1.415014 1.990346
v 2.374700 1.529924 2.020890
v 2.374700 1.648797 2.023438
v 2.374700 1.764910 1.997847
v 2.374700 1.871698 1.945563
v 2.374700 1.882376 1.940335
v 2.374700 1.893988 1.937776
v 2.374700 1.905875 1.938031
v 2.374700 1.917366 1.941085
v 2.374700 1.927811 1.946766
v 2.374700 1.936619 1.954753
v 2.374700 1.943292 1.964594
v 2.374700 1.947454 1.975732
v 2.374700 1.948867 1.987537
v 2.374700 1.948867 1.884003
v 2.374700 2.020841 1.795811
v 2.374700 2.071002 1.693625
v 2.374700 2.096750 1.582742
v 2.374700 2.096750 1.468908
v 2.374700 2.071002 1.358025
v 2.374700 2.020841 1.255839
v 2.374700 1.948867 1.167647
v 2.374700 1.948867 1.064112
v 2.374700 1.947454 1.075918
v 2.374700 1.943292 1.087056
v 2.374700 1.936619 1.096897
v 2.374700 1.927811 1.104883
v 2.374700 1.917366 1.110565
v 2.374700 1.905875 1.113619
v 2.374700 1.893988 1.113874
v 2.374700 1.882376 1.111315
v 1.424700 1.871698 1.945563
v 1.424700 1.882376 1.940335
v 1.424700 1.893988 1.937776
v 1.424700 1.905875 1.938031
v 1.424700 1.917366 1.941085
v 1.424700 1.927811 1.946766
v 1.424700 1.936619 1.954753
v 1.424700 1.943292 1.964594
v 1.424700 1.947454 1.975732
v 1.424700 1.948867 1.987537
v 2.137200 1.947454 1.975732
v 1.899700 1.947454 1.975732
v 1.662200 1.947454 1.975732
v 2.137200 1.943292 1.964594
v 1.899700 1.943292 1.964594
v 1.662200 1.943292 1.964594
v 2.137200 1.936619 1.954753
v 1.899700 1.936619 1.954753
v 1.662200 1.936619 1.954753
v 2.137200 1.927811 1.946766
v 1.899700 1.927811 1.946766
v 1.662200 1.927811 1.946766
v 2.137200 1.917366 1.941085
v 1.899700 1.917366 1.941085
v 1.662200 1.917366 1.941085
v 2.137200 1.905875 1.938031
v 1.899700 1.905875 1.938031
v 1.662200 1.905875 1.938031
v 2.137200 1.893988 1.937776
v 1.899700 1.893988 1.937776
v 1.662200 1.893988 1.937776
v 2.137200 1.882376 1.940335
v 1.899700 1.882376 1.940335
v 1.662200 1.882376 1.940335
v 1.424700 1.871698 1.106086
v 1.424700 1.764910 1.053803
v 1.424700 1.648797 1.028212
v 1.424700 1.529924 1.030760
v 1.424700 1.415014 1.061303
v 1.424700 1.310565 1.118115
v 1.424700 1.222483 1.197982
v 1.424700 1.155749 1.296388
v 1.424700 1.114137 1.407768
v 1.424700 1.100000 1.525825
v 1.424700 1.114137 1.643881
v 1.424700 1.155749 1.755262
v 1.424700 1.222483 1.853668
v 1.424700 1.310565 1.933535
v 1.424700 1.415014 1.990346
v 1.424700 1.529924 2.020890
v 1.424700 1.648797 2.023438
v 1.424700 1.764910 1.997847
v 1.424700 1.882376 1.111315
v 1.424700 1.893988 1.113874
v 1.424700 1.905875 1.113619
v 1.424700 1.917366 1.110565
v 1.424700 1.927811 1.104883
v 1.424700 1.936619 1.096897
v 1.424700 1.943292 1.087056
v 1.424700 1.947454 1.075918
v 1.424700 1.948867 1.064112
v 1.424700 1.948867 0.325825
v 2.137200 1.882376 1.111315
v 1.899700 1.882376 1.111315
v 1.662200 1.882376 1.111315
v 2.137200 1.893988 1.113874
v 1.899700 1.893988 1.113874
v 1.662200 1.893988 1.113874
v 2.137200 1.905875 1.113619
v 1.899700 1.905875 1.113619
v 1.662200 1.905875 1.113619
v 2.137200 1.917366 1.110565
v 1.899700 1.917366 1.110565
v 1.662200 1.917366 1.110565
v 2.137200 1.927811 1.104883
v 1.899700 1.927811 1.104883
v 1.662200 1.927811 1.104883
v 2.137200 1.936619 1.096897
v 1.899700 1.936619 1.096897
v 1.662200 1.936619 1.096897
v 2.137200 1.943292 1.087056
v 1.899700 1.943292 1.087056
v 1.662200 1.943292 1.087056
v 2.137200 1.947454 1.075918
v 1.899700 1.947454 1.075918
v 1.662200 1.947454 1.075918
vt -1.200000 0.348867 0.000000
vt -1.500000 0.048867 0.000000
vt -0.358178 0.348867 0.000000
vt -1.500000 -1.300000 0.000000
vt 1.500000 -1.300000 0.000000
vt 0.358178 0.348867 0.000000
vt 1.500000 0.048867 0.000000
vt 1.200000 0.348867 0.000000
vt -0.269986 0.420841 0.000000
vt 0.269986 0.420841 0.000000
vt -0.167800 0.471002 0.000000
vt 0.167800 0.471002 0.000000
vt -0.056917 0.496750 0.000000
vt 0.056917 0.496750 0.000000
vt 1.548867 4.064000 0.000000
vt 0.200000 4.064000 0.000000
vt 1.548867 2.914000 0.000000
vt 0.200000 2.914000 0.000000
vt 0.100000 -1.557253 0.000000
vt 3.100000 -1.557253 0.000000
vt 0.100000 -0.407253 0.000000
vt 3.100000 -0.407253 0.000000
vt 2.001172 4.064000 0.000000
vt 0.652305 4.064000 0.000000
vt 2.001172 2.914000 0.000000
vt 0.652305 2.914000 0.000000
vt 2.607000 0.212132 0.000000
vt 1.457000 0.212132 0.000000
vt 2.607000 -0.212132 0.000000
vt 1.457000 -0.212132 0.000000
vt -0.472022 0.164910 0.000000
vt -0.464522 -0.184986 0.000000
vt -0.419739 0.271698 0.000000
vt -0.407710 -0.289435 0.000000
vt -0.327843 -0.377517 0.000000
vt -0.497613 0.048797 0.000000
vt -0.495065 -0.070076 0.000000
vt -0.229437 -0.444251 0.000000
vt -0.118056 -0.485863 0.000000
vt -0.000000 -0.500000 0.000000
vt 0.118056 -0.485863 0.000000
vt 0.229437 -0.444251 0.000000
vt 0.327843 -0.377517 0.000000
vt -0.358178 0.348867 0.000000
vt 0.407710 -0.289435 0.000000
vt 0.464522 -0.184986 0.000000
vt 0.495065 -0.070076 0.000000
vt 0.497613 0.048797 0.000000
vt 0.472022 0.164910 0.000000
vt 0.419739 0.271698 0.000000
vt 0.358178 0.348867 0.000000
vt -0.269986 0.420841 0.000000
vt -0.167800 0.471002 0.000000
vt -0.056917 0.496750 0.000000
vt 0.056917 0.496750 0.000000
vt 0.167800 0.471002 0.000000
vt 0.269986 0.420841 0.000000
vt 0.414510 0.282376 0.000000
vt 0.411951 0.293988 0.000000
vt 0.412206 0.305875 0.000000
vt 0.415260 0.317366 0.000000
vt 0.420941 0.327811 0.000000
vt 0.428928 0.336619 0.000000
vt 0.438769 0.343292 0.000000
vt 0.449907 0.347454 0.000000
vt 0.461712 0.348867 0.000000
vt -0.461712 0.348867 0.000000
vt -0.449907 0.347454 0.000000
vt -0.438769 0.343292 0.000000
vt -0.428928 0.336619 0.000000
vt -0.420941 0.327811 0.000000
vt -0.415260 0.317366 0.000000
vt -0.412206 0.305875 0.000000
vt -0.411951 0.293988 0.000000
vt -0.414510 0.282376 0.000000
vt 0.990000 0.041714 0.000000
vt 1.227500 0.041714 0.000000
vt 0.990000 0.053632 0.000000
vt 1.465000 0.041714 0.000000
vt 1.940000 0.053632 0.000000
vt 1.702500 0.041714 0.000000
vt 1.940000 0.041714 0.000000
vt 1.940000 0.029795 0.000000
vt 1.702500 0.029795 0.000000
vt 1.940000 0.017877 0.000000
vt 1.702500 0.017877 0.000000
vt 1.940000 0.005959 0.000000
vt 1.702500 0.005959 0.000000
vt 1.940000 -0.005959 0.000000
vt 1.702500 -0.005959 0.000000
vt 1.940000 -0.017877 0.000000
vt 1.702500 -0.017877 0.000000
vt 1.940000 -0.029795 0.000000
vt 1.702500 -0.029795 0.000000
vt 1.940000 -0.041714 0.000000
vt 1.702500 -0.041714 0.000000
vt 1.940000 -0.053632 0.000000
vt 1.465000 -0.041714 0.000000
vt 0.990000 -0.053632 0.000000
vt 1.227500 -0.041714 0.000000
vt 0.990000 -0.041714 0.000000
vt 0.990000 -0.029795 0.000000
vt 1.227500 -0.029795 0.000000
vt 0.990000 -0.017877 0.000000
vt 1.227500 -0.017877 0.000000
vt 0.990000 -0.005959 0.000000
vt 1.227500 -0.005959 0.000000
vt 0.990000 0.005959 0.000000
vt 1.227500 0.005959 0.000000
vt 0.990000 0.017877 0.000000
vt 1.227500 0.017877 0.000000
vt 0.990000 0.029795 0.000000
vt 1.227500 0.029795 0.000000
vt 1.465000 0.029795 0.000000
vt 1.465000 0.017877 0.000000
vt 1.465000 0.005959 0.000000
vt 1.465000 -0.005959 0.000000
vt 1.465000 -0.017877 0.000000
vt 1.465000 -0.029795 0.000000
vt 1.940000 0.287238 0.000000
vt 0.990000 0.287238 0.000000
vt 1.940000 0.168056 0.000000
vt 0.990000 0.168056 0.000000
vt 1.940000 0.048874 0.000000
vt 0.990000 0.048874 0.000000
vt 1.940000 -0.070307 0.000000
vt 0.990000 -0.070307 0.000000
vt 1.940000 -0.189489 0.000000
vt 0.990000 -0.189489 0.000000
vt 1.940000 -0.308671 0.000000
vt 0.990000 -0.308671 0.000000
vt 1.940000 -0.427853 0.000000
vt 0.990000 -0.427853 0.000000
vt 1.940000 -0.547035 0.000000
vt 0.990000 -0.547035 0.000000
vt 1.940000 -0.666216 0.000000
vt 0.990000 -0.666216 0.000000
vt 1.940000 -0.785398 0.000000
vt 0.990000 -0.785398 0.000000
vt 1.940000 -0.904580 0.000000
vt 0.990000 -0.904580 0.000000
vt 1.940000 -1.023762 0.000000
vt 0.990000 -1.023762 0.000000
vt 1.940000 -1.142944 0.000000
vt 0.990000 -1.142944 0.000000
vt 1.940000 -1.262125 0.000000
vt 0.990000 -1.262125 0.000000
vt 1.940000 -1.381307 0.000000
vt 0.990000 -1.381307 0.000000
vt 1.940000 -1.500489 0.000000
vt 0.990000 -1.500489 0.000000
vt 1.940000 -1.619671 0.000000
vt 0.990000 -1.619671 0.000000
vt 1.940000 -1.738853 0.000000
vt 0.990000 -1.738853 0.000000
vt 1.940000 -1.858034 0.000000
vt 0.990000 -1.858034 0.000000
vt 2.700000 -0.352305 0.000000
vt 1.997613 -0.652375 0.000000
vt 3.000000 -0.652305 0.000000
vt 1.995065 -0.771248 0.000000
vt 1.964522 -0.886158 0.000000
vt 1.972022 -0.536262 0.000000
vt 1.961713 -0.352305 0.000000
vt 1.919739 -0.429474 0.000000
vt 1.914510 -0.418796 0.000000
vt 1.911951 -0.407184 0.000000
vt 1.912206 -0.395297 0.000000
vt 1.915260 -0.383806 0.000000
vt 1.920942 -0.373361 0.000000
vt 1.928928 -0.364553 0.000000
vt 1.938769 -0.357880 0.000000
vt 1.949907 -0.353718 0.000000
vt 1.907710 -0.990607 0.000000
vt 3.000000 -2.001172 0.000000
vt 1.827843 -1.078689 0.000000
vt 1.729437 -1.145423 0.000000
vt 1.618057 -1.187035 0.000000
vt 1.500000 -1.201172 0.000000
vt 0.000000 -2.001172 0.000000
vt 1.381944 -1.187035 0.000000
vt 1.270563 -1.145423 0.000000
vt 1.172157 -1.078689 0.000000
vt 1.092290 -0.990607 0.000000
vt 0.000000 -0.652305 0.000000
vt 1.035479 -0.886158 0.000000
vt 1.004935 -0.771248 0.000000
vt 1.002387 -0.652375 0.000000
vt 0.300000 -0.352305 0.000000
vt 1.027978 -0.536262 0.000000
vt 1.038288 -0.352305 0.000000
vt 1.080262 -0.429474 0.000000
vt 1.085490 -0.418796 0.000000
vt 1.088049 -0.407184 0.000000
vt 1.087794 -0.395297 0.000000
vt 1.084740 -0.383806 0.000000
vt 1.079059 -0.373361 0.000000
vt 1.071072 -0.364553 0.000000
vt 1.061231 -0.357880 0.000000
vt 1.050093 -0.353718 0.000000
vt -2.607000 -0.212132 0.000000
vt -1.457000 -0.212132 0.000000
vt -2.607000 0.212132 0.000000
vt -1.457000 0.212132 0.000000
vt -0.000000 0.950000 0.000000
vt 0.000000 1.150000 0.000000
vt -0.103534 0.950000 0.000000
vt -0.841822 1.150000 0.000000
vt -0.841822 -0.000000 0.000000
vt -0.103534 -0.000000 0.000000
vt -0.300000 -0.000000 0.000000
vt -0.300000 1.150000 0.000000
vt -1.038288 0.950000 0.000000
vt -1.141822 1.150000 0.000000
vt -1.141822 0.950000 0.000000
vt -1.038288 -0.000000 0.000000
vt -0.990000 -0.041714 0.000000
vt -1.227500 -0.041714 0.000000
vt -0.990000 -0.053632 0.000000
vt -1.465000 -0.041714 0.000000
vt -1.940000 -0.053632 0.000000
vt -1.702500 -0.041714 0.000000
vt -1.940000 -0.041714 0.000000
vt -1.940000 -0.029795 0.000000
vt -1.702500 -0.029795 0.000000
vt -1.940000 -0.017877 0.000000
vt -1.702500 -0.017877 0.000000
vt -1.940000 -0.005959 0.000000
vt -1.702500 -0.005959 0.000000
vt -1.940000 0.005959 0.000000
vt -1.702500 0.005959 0.000000
vt -1.940000 0.017877 0.000000
vt -1.702500 0.017877 0.000000
vt -1.940000 0.029795 0.000000
vt -1.702500 0.029795 0.000000
vt -1.940000 0.041714 0.000000
vt -1.702500 0.041714 0.000000
vt -1.940000 0.053632 0.000000
vt -1.465000 0.041714 0.000000
vt -0.990000 0.053632 0.000000
vt -1.227500 0.041714 0.000000
vt -0.990000 0.041714 0.000000
vt -0.990000 0.029795 0.000000
vt -1.227500 0.029795 0.000000
vt -0.990000 0.017877 0.000000
vt -1.227500 0.017877 0.000000
vt -0.990000 0.005959 0.000000
vt -1.227500 0.005959 0.000000
vt -0.990000 -0.005959 0.000000
vt -1.227500 -0.005959 0.000000
vt -0.990000 -0.017877 0.000000
vt -1.227500 -0.017877 0.000000
vt -0.990000 -0.029795 0.000000
vt -1.227500 -0.029795 0.000000
vt -1.465000 -0.029795 0.000000
vt -1.465000 -0.017877 0.000000
vt -1.465000 -0.005959 0.000000
vt -1.465000 0.005959 0.000000
vt -1.465000 0.017877 0.000000
vt -1.465000 0.029795 0.000000
vt -0.950000 -0.386115 0.000000
vt -1.150000 -0.386115 0.000000
vt -0.950000 -0.500196 0.000000
vt -1.150000 -0.500196 0.000000
vt -0.950000 -0.614277 0.000000
vt -1.150000 -0.614277 0.000000
vt -0.950000 -0.728358 0.000000
vt -1.150000 -0.728358 0.000000
vt -0.950000 -0.842439 0.000000
vt -1.150000 -0.842439 0.000000
vt -0.950000 -0.956519 0.000000
vt -1.150000 -0.956519 0.000000
vt -0.950000 -1.070600 0.000000
vt -1.150000 -1.070600 0.000000
vt -0.950000 -1.184681 0.000000
vt -1.150000 -1.184681 0.000000
vn 1.000000 0.000000 -0.000000
vn 1.000000 0.000000 -0.000000
vn 1.000000 0.000000 -0.000000
vn 1.000000 0.000000 -0.000000
vn 1.000000 0.000000 -0.000000
vn 1.000000 0.000000 -0.000000
vn 1.000000 0.000000 -0.000000
vn 1.000000 0.000000 -0.000000
vn 1.000000 0.000000 -0.000000
vn 1.000000 0.000000 -0.000000
vn 1.000000 0.000000 -0.000000
vn 1.000000 0.000000 -0.000000
vn 1.000000 0.000000 -0.000000
vn 1.000000 0.000000 -0.000000
vn -0.000000 0.000000 -1.000000
vn -0.000000 0.000000 -1.000000
vn -0.000000 0.000000 -1.000000
vn -0.000000 0.000000 -1.000000
vn -0.000000 -1.000000 -0.000000
vn -0.000000 -1.000000 -0.000000
vn -0.000000 -1.000000 -0.000000
vn -0.000000 -1.000000 -0.000000
vn 0.000000 0.000000 1.000000
vn 0.000000 0.000000 1.000000
vn 0.000000 0.000000 1.000000
vn 0.000000 0.000000 1.000000
vn 0.000000 0.707107 0.707107
vn 0.000000 0.707107 0.707107
vn 0.000000 0.707107 0.707107
vn 0.000000 0.707107 0.707107
vn -1.000000 -0.000000 0.000000
vn -1.000000 -0.000000 0.000000
vn -1.000000 -0.000000 0.000000
vn -1.000000 -0.000000 0.000000
vn -1.000000 -0.000000 0.000000
vn -1.000000 -0.000000 0.000000
vn -1.000000 -0.000000 0.000000
vn -1.000000 -0.000000 0.000000
vn -1.000000 -0.000000 0.000000
vn -1.000000 -0.000000 0.000000
vn -1.000000 -0.000000 0.000000
vn -1.000000 -0.000000 0.000000
vn -1.000000 -0.000000 0.000000
vn -1.000000 -0.000000 0.000000
vn -1.000000 -0.000000 0.000000
vn -1.000000 -0.000000 0.000000
vn -1.000000 -0.000000 0.000000
vn -1.000000 -0.000000 0.000000
vn -1.000000 -0.000000 0.000000
vn -1.000000 -0.000000 0.000000
vn -1.000000 -0.000000 0.000000
vn -1.000000 -0.000000 0.000000
vn -1.000000 -0.000000 0.000000
vn -1.000000 -0.000000 0.000000
vn -1.000000 -0.000000 0.000000
vn -1.000000 -0.000000 0.000000
vn -1.000000 -0.000000 0.000000
vn -1.000000 -0.000000 0.000000
vn -1.000000 -0.000000 0.000000
vn -1.000000 -0.000000 0.000000
vn -1.000000 -0.000000 0.000000
vn -1.000000 -0.000000 0.000000
vn -1.000000 -0.000000 0.000000
vn -1.000000 -0.000000 0.000000
vn -1.000000 -0.000000 0.000000
vn -1.000000 -0.000000 0.000000
vn -1.000000 -0.000000 0.000000
vn -1.000000 -0.000000 0.000000
vn -1.000000 -0.000000 0.000000
vn -1.000000 -0.000000 0.000000
vn -1.000000 -0.000000 0.000000
vn -1.000000 -0.000000 0.000000
vn -1.000000 -0.000000 0.000000
vn -1.000000 -0.000000 0.000000
vn -1.000000 -0.000000 0.000000
vn -0.000000 0.971726 -0.236113
vn -0.000000 0.971726 -0.236113
vn -0.000000 1.000000 -0.000000
vn -0.000000 0.971726 -0.236113
vn 0.000000 1.000000 0.000000
vn -0.000000 0.971726 -0.236113
vn -0.000000 0.971726 -0.236113
vn -0.000000 0.888501 -0.458874
vn -0.000000 0.888501 -0.458874
vn -0.000000 0.755034 -0.655686
vn -0.000000 0.755034 -0.655686
vn -0.000000 0.578870 -0.815420
vn -0.000000 0.578870 -0.815420
vn -0.000000 0.369971 -0.929043
vn -0.000000 0.369971 -0.929043
vn -0.000000 0.140152 -0.990130
vn -0.000000 0.140152 -0.990130
vn -0.000000 -0.097593 -0.995226
vn -0.000000 -0.097593 -0.995226
vn -0.000000 -0.329820 -0.944044
vn -0.000000 -0.329820 -0.944044
vn -0.000000 -0.543395 -0.839477
vn -0.000000 -0.329820 -0.944044
vn -0.000000 -0.543395 -0.839477
vn -0.000000 -0.329820 -0.944044
vn -0.000000 -0.329820 -0.944044
vn -0.000000 -0.097593 -0.995226
vn -0.000000 -0.097593 -0.995226
vn -0.000000 0.140152 -0.990130
vn -0.000000 0.140152 -0.990130
vn -0.000000 0.369971 -0.929043
vn -0.000000 0.369971 -0.929043
vn -0.000000 0.578870 -0.815420
vn -0.000000 0.578870 -0.815420
vn -0.000000 0.755034 -0.655686
vn -0.000000 0.755034 -0.655686
vn -0.000000 0.888501 -0.458874
vn -0.000000 0.888501 -0.458874
vn -0.000000 0.888501 -0.458874
vn -0.000000 0.755034 -0.655686
vn -0.000000 0.578870 -0.815420
vn -0.000000 0.369971 -0.929043
vn -0.000000 0.140152 -0.990130
vn -0.000000 -0.097593 -0.995226
vn -0.000000 -0.329820 -0.944044
vn -0.000000 -0.329820 -0.944044
vn -0.000000 -0.097593 -0.995226
vn -0.000000 -0.097593 -0.995226
vn -0.000000 0.140152 -0.990130
vn -0.000000 0.140152 -0.990130
vn -0.000000 0.369971 -0.929043
vn -0.000000 0.369971 -0.929043
vn -0.000000 0.578870 -0.815420
vn -0.000000 0.578870 -0.815420
vn -0.000000 0.755034 -0.655686
vn -0.000000 0.755034 -0.655686
vn -0.000000 0.888501 -0.458874
vn -0.000000 0.888501 -0.458874
vn -0.000000 0.971726 -0.236113
vn -0.000000 0.971726 -0.236113
vn 0.000000 1.000000 0.000000
vn 0.000000 1.000000 0.000000
vn 0.000000 0.971726 0.236113
vn 0.000000 0.971726 0.236113
vn 0.000000 0.888501 0.458874
vn 0.000000 0.888501 0.458874
vn 0.000000 0.755034 0.655686
vn 0.000000 0.755034 0.655686
vn 0.000000 0.578870 0.815420
vn 0.000000 0.578870 0.815420
vn 0.000000 0.369971 0.929043
vn 0.000000 0.369971 0.929043
vn 0.000000 0.140152 0.990130
vn 0.000000 0.140152 0.990130
vn 0.000000 -0.097593 0.995226
vn 0.000000 -0.097593 0.995226
vn 0.000000 -0.329820 0.944044
vn 0.000000 -0.329820 0.944044
vn 0.000000 -0.543395 0.839477
vn 0.000000 -0.543395 0.839477
vn -1.000000 -0.000000 0.000000
vn -1.000000 -0.000000 0.000000
vn -1.000000 -0.000000 0.000000
vn -1.000000 -0.000000 0.000000
vn -1.000000 -0.000000 0.000000
vn -1.000000 -0.000000 0.000000
vn -1.000000 -0.000000 0.000000
vn -1.000000 -0.000000 0.000000
vn -1.000000 -0.000000 0.000000
vn -1.000000 -0.000000 0.000000
vn -1.000000 -0.000000 0.000000
vn -1.000000 -0.000000 0.000000
vn -1.000000 -0.000000 0.000000
vn -1.000000 -0.000000 0.000000
vn -1.000000 -0.000000 0.000000
vn -1.000000 -0.000000 0.000000
vn -1.000000 -0.000000 0.000000
vn -1.000000 -0.000000 0.000000
vn -1.000000 -0.000000 0.000000
vn -1.000000 -0.000000 0.000000
vn -1.000000 -0.000000 0.000000
vn -1.000000 -0.000000 0.000000
vn -1.000000 -0.000000 0.000000
vn -1.000000 -0.000000 0.000000
vn -1.000000 -0.000000 0.000000
vn -1.000000 -0.000000 0.000000
vn -1.000000 -0.000000 0.000000
vn -1.000000 -0.000000 0.000000
vn -1.000000 -0.000000 0.000000
vn -1.000000 -0.000000 0.000000
vn -1.000000 -0.000000 0.000000
vn -1.000000 -0.000000 0.000000
vn -1.000000 -0.000000 0.000000
vn -1.000000 -0.000000 0.000000
vn -1.000000 -0.000000 0.000000
vn -1.000000 -0.000000 0.000000
vn -1.000000 -0.000000 0.000000
vn -1.000000 -0.000000 0.000000
vn -1.000000 -0.000000 0.000000
vn -1.000000 -0.000000 0.000000
vn -1.000000 -0.000000 0.000000
vn -1.000000 -0.000000 0.000000
vn -1.000000 -0.000000 0.000000
vn -0.000000 0.707107 -0.707107
vn -0.000000 0.707107 -0.707107
vn -0.000000 0.707107 -0.707107
vn -0.000000 0.707107 -0.707107
vn -0.000000 1.000000 -0.000000
vn -0.000000 1.000000 -0.000000
vn -0.000000 1.000000 -0.000000
vn -0.000000 1.000000 -0.000000
vn -0.000000 1.000000 -0.000000
vn -0.000000 1.000000 -0.000000
vn -0.000000 1.000000 -0.000000
vn -0.000000 1.000000 -0.000000
vn -0.000000 1.000000 -0.000000
vn -0.000000 1.000000 -0.000000
vn 0.000000 -0.329820 0.944044
vn 0.000000 -0.329820 0.944044
vn 0.000000 -0.329820 0.944044
vn 0.000000 -0.329820 0.944044
vn 0.000000 -0.329820 0.944044
vn 0.000000 -0.097593 0.995226
vn 0.000000 -0.097593 0.995226
vn 0.000000 0.140152 0.990130
vn 0.000000 0.140152 0.990130
vn 0.000000 0.369971 0.929043
vn 0.000000 0.369971 0.929043
vn 0.000000 0.578870 0.815420
vn 0.000000 0.578870 0.815420
vn 0.000000 0.755034 0.655686
vn 0.000000 0.755034 0.655686
vn 0.000000 0.888501 0.458874
vn 0.000000 0.888501 0.458874
vn 0.000000 0.971726 0.236113
vn 0.000000 0.971726 0.236113
vn 0.000000 0.971726 0.236113
vn 0.000000 0.971726 0.236113
vn 0.000000 0.971726 0.236113
vn 0.000000 0.888501 0.458874
vn 0.000000 0.888501 0.458874
vn 0.000000 0.755034 0.655686
vn 0.000000 0.755034 0.655686
vn 0.000000 0.578870 0.815420
vn 0.000000 0.578870 0.815420
vn 0.000000 0.369971 0.929043
vn 0.000000 0.369971 0.929043
vn 0.000000 0.140152 0.990130
vn 0.000000 0.140152 0.990130
vn 0.000000 -0.097593 0.995226
vn 0.000000 -0.097593 0.995226
vn 0.000000 -0.097593 0.995226
vn 0.000000 0.140152 0.990130
vn 0.000000 0.369971 0.929043
vn 0.000000 0.578870 0.815420
vn 0.000000 0.755034 0.655686
vn 0.000000 0.888501 0.458874
vn 0.000000 0.697735 0.716356
vn 0.000000 0.697735 0.716356
vn 0.000000 0.841683 0.539972
vn 0.000000 0.841683 0.539972
vn 0.000000 0.942004 0.335601
vn 0.000000 0.942004 0.335601
vn 0.000000 0.993500 0.113834
vn 0.000000 0.993500 0.113834
vn -0.000000 0.993500 -0.113834
vn -0.000000 0.993500 -0.113834
vn -0.000000 0.942004 -0.335601
vn -0.000000 0.942004 -0.335601
vn -0.000000 0.841683 -0.539972
vn -0.000000 0.841683 -0.539972
vn -0.000000 0.697735 -0.716356
vn -0.000000 0.697735 -0.716356
f 169/303/295 170/304/296 182/305/297
f 182/305/297 170/304/296 171/306/298
f 182/305/297 171/306/298 172/307/299
f 182/305/297 172/307/299 175/308/300
f 175/308/300 172/307/299 173/309/301
f 175/308/300 173/309/301 174/310/302
f 182/305/297 175/308/300 181/311/303
f 181/311/303 175/308/300 176/312/304
f 181/311/303 176/312/304 180/313/305
f 180/313/305 176/312/304 177/314/306
f 180/313/305 177/314/306 179/315/307
f 179/315/307 177/314/306 178/316/308
f 173/317/309 172/318/310 184/319/311
f 184/319/311 172/318/310 183/320/312
f 172/321/313 171/322/314 183/323/315
f 183/323/315 171/322/314 185/324/316
f 171/325/317 170/326/318 185/327/319
f 185/327/319 170/326/318 186/328/320
f 169/329/321 187/330/322 170/331/323
f 170/331/323 187/330/322 186/332/324
f 189/333/325 192/334/326 188/335/327
f 188/335/327 192/334/326 193/336/328
f 188/335/327 193/336/328 194/337/329
f 190/338/330 191/339/331 189/333/325
f 189/333/325 191/339/331 192/334/326
f 194/337/329 195/340/332 188/335/327
f 188/335/327 195/340/332 196/341/333
f 188/335/327 196/341/333 197/342/334
f 197/342/334 198/343/335 188/335/327
f 188/335/327 198/343/335 199/344/336
f 188/335/327 199/344/336 200/345/337
f 188/335/327 200/345/337 223/346/338
f 223/346/338 200/345/337 201/347/339
f 223/346/338 201/347/339 202/348/340
f 202/348/340 203/349/341 223/346/338
f 223/346/338 203/349/341 204/350/342
f 223/346/338 204/350/342 205/351/343
f 205/351/343 206/352/344 223/346/338
f 223/346/338 206/352/344 216/353/345
f 223/346/338 216/353/345 222/354/346
f 222/354/346 216/353/345 221/355/347
f 221/355/347 216/353/345 220/356/348
f 220/356/348 216/353/345 219/357/349
f 219/357/349 216/353/345 218/358/350
f 218/358/350 216/353/345 217/359/351
f 206/352/344 207/360/352 216/353/345
f 216/353/345 207/360/352 208/361/353
f 216/353/345 208/361/353 209/362/354
f 209/362/354 210/363/355 216/353/345
f 216/353/345 210/363/355 211/364/356
f 216/353/345 211/364/356 212/365/357
f 212/365/357 213/366/358 216/353/345
f 216/353/345 213/366/358 214/367/359
f 216/353/345 214/367/359 215/368/360
f 224/369/361 225/370/362 223/346/338
f 223/346/338 225/370/362 226/371/363
f 223/346/338 226/371/363 227/372/364
f 227/372/364 228/373/365 223/346/338
f 223/346/338 228/373/365 229/374/366
f 223/346/338 229/374/366 230/375/367
f 230/375/367 231/376/368 223/346/338
f 223/346/338 231/376/368 232/377/369
f 223/346/338 232/377/369 188/335/327
f 214/378/370 243/379/371 215/380/372
f 215/380/372 243/379/371 244/381/373
f 215/380/372 244/381/373 242/382/374
f 242/382/374 244/381/373 245/383/375
f 242/382/374 245/383/375 241/384/376
f 241/384/376 245/383/375 240/385/377
f 240/385/377 245/383/375 248/386/378
f 240/385/377 248/386/378 239/387/379
f 239/387/379 248/386/378 251/388/380
f 239/387/379 251/388/380 238/389/381
f 238/389/381 251/388/380 254/390/382
f 238/389/381 254/390/382 237/391/383
f 237/391/383 254/390/382 257/392/384
f 237/391/383 257/392/384 236/393/385
f 236/393/385 257/392/384 260/394/386
f 236/393/385 260/394/386 235/395/387
f 235/395/387 260/394/386 263/396/388
f 235/395/387 263/396/388 234/397/389
f 234/397/389 263/396/388 266/398/390
f 234/397/389 266/398/390 233/399/391
f 233/399/391 266/398/390 265/400/392
f 233/399/391 265/400/392 206/401/393
f 206/401/393 265/400/392 264/402/394
f 206/401/393 264/402/394 207/403/395
f 207/403/395 264/402/394 208/404/396
f 208/404/396 264/402/394 261/405/397
f 208/404/396 261/405/397 209/406/398
f 209/406/398 261/405/397 258/407/399
f 209/406/398 258/407/399 210/408/400
f 210/408/400 258/407/399 255/409/401
f 210/408/400 255/409/401 211/410/402
f 211/410/402 255/409/401 252/411/403
f 211/410/402 252/411/403 212/412/404
f 212/412/404 252/411/403 249/413/405
f 212/412/404 249/413/405 213/414/406
f 213/414/406 249/413/405 246/415/407
f 213/414/406 246/415/407 214/378/370
f 214/378/370 246/415/407 243/379/371
f 248/386/378 245/383/375 244/381/373
f 244/381/373 243/379/371 247/416/408
f 247/416/408 243/379/371 246/415/407
f 247/416/408 246/415/407 250/417/409
f 250/417/409 246/415/407 249/413/405
f 250/417/409 249/413/405 253/418/410
f 253/418/410 249/413/405 252/411/403
f 253/418/410 252/411/403 256/419/411
f 256/419/411 252/411/403 255/409/401
f 256/419/411 255/409/401 259/420/412
f 259/420/412 255/409/401 258/407/399
f 259/420/412 258/407/399 262/421/413
f 262/421/413 258/407/399 261/405/397
f 262/421/413 261/405/397 265/400/392
f 265/400/392 261/405/397 264/402/394
f 251/388/380 248/386/378 247/416/408
f 247/416/408 248/386/378 244/381/373
f 251/388/380 247/416/408 250/417/409
f 254/390/382 251/388/380 250/417/409
f 254/390/382 250/417/409 253/418/410
f 257/392/384 254/390/382 253/418/410
f 257/392/384 253/418/410 256/419/411
f 260/394/386 257/392/384 256/419/411
f 260/394/386 256/419/411 259/420/412
f 263/396/388 260/394/386 259/420/412
f 263/396/388 259/420/412 262/421/413
f 266/398/390 263/396/388 262/421/413
f 266/398/390 262/421/413 265/400/392
f 233/422/391 206/423/393 284/424/414
f 284/424/414 206/423/393 205/425/415
f 284/424/414 205/425/415 283/426/416
f 283/426/416 205/425/415 204/427/417
f 283/426/416 204/427/417 282/428/418
f 282/428/418 204/427/417 203/429/419
f 282/428/418 203/429/419 281/430/420
f 281/430/420 203/429/419 202/431/421
f 281/430/420 202/431/421 280/432/422
f 280/432/422 202/431/421 201/433/423
f 280/432/422 201/433/423 279/434/424
f 279/434/424 201/433/423 200/435/425
f 279/434/424 200/435/425 278/436/426
f 278/436/426 200/435/425 199/437/427
f 278/436/426 199/437/427 277/438/428
f 277/438/428 199/437/427 198/439/429
f 277/438/428 198/439/429 276/440/430
f 276/440/430 198/439/429 197/441/431
f 276/440/430 197/441/431 275/442/432
f 275/442/432 197/441/431 196/443/433
f 275/442/432 196/443/433 274/444/434
f 274/444/434 196/443/433 195/445/435
f 274/444/434 195/445/435 273/446/436
f 273/446/436 195/445/435 194/447/437
f 273/446/436 194/447/437 272/448/438
f 272/448/438 194/447/437 193/449/439
f 272/448/438 193/449/439 271/450/440
f 271/450/440 193/449/439 192/451/441
f 271/450/440 192/451/441 270/452/442
f 270/452/442 192/451/441 191/453/443
f 270/452/442 191/453/443 269/454/444
f 269/454/444 191/453/443 190/455/445
f 269/454/444 190/455/445 268/456/446
f 268/456/446 190/455/445 189/457/447
f 268/456/446 189/457/447 267/458/448
f 267/458/448 189/457/447 188/459/449
f 187/460/450 283/461/451 186/462/452
f 186/462/452 283/461/451 282/463/453
f 186/462/452 282/463/453 281/464/454
f 283/461/451 187/460/450 284/465/455
f 284/465/455 187/460/450 242/466/456
f 284/465/455 242/466/456 233/467/457
f 233/467/457 242/466/456 234/468/458
f 234/468/458 242/466/456 235/469/459
f 235/469/459 242/466/456 236/470/460
f 236/470/460 242/466/456 237/471/461
f 237/471/461 242/466/456 238/472/462
f 238/472/462 242/466/456 239/473/463
f 239/473/463 242/466/456 240/474/464
f 240/474/464 242/466/456 241/475/465
f 281/464/454 280/476/466 186/462/452
f 186/462/452 280/476/466 185/477/467
f 185/477/467 280/476/466 279/478/468
f 185/477/467 279/478/468 278/479/469
f 278/479/469 277/480/470 185/477/467
f 185/477/467 277/480/470 276/481/471
f 185/477/467 276/481/471 183/482/472
f 183/482/472 276/481/471 275/483/473
f 183/482/472 275/483/473 274/484/474
f 274/484/474 273/485/475 183/482/472
f 183/482/472 273/485/475 272/486/476
f 183/482/472 272/486/476 184/487/477
f 184/487/477 272/486/476 271/488/478
f 184/487/477 271/488/478 270/489/479
f 270/489/479 269/490/480 184/487/477
f 184/487/477 269/490/480 294/491/481
f 294/491/481 269/490/480 268/492/482
f 294/491/481 268/492/482 293/493/483
f 293/493/483 268/492/482 267/494/484
f 293/493/483 267/494/484 285/495/485
f 285/495/485 286/496/486 293/493/483
f 293/493/483 286/496/486 287/497/487
f 293/493/483 287/497/487 288/498/488
f 288/498/488 289/499/489 293/493/483
f 293/493/483 289/499/489 290/500/490
f 293/493/483 290/500/490 291/501/491
f 291/501/491 292/502/492 293/493/483
f 173/503/493 184/504/494 174/505/495
f 174/505/495 184/504/494 294/506/496
f 223/507/497 175/508/498 224/509/499
f 224/509/499 175/508/498 174/510/500
f 224/509/499 174/510/500 294/511/501
f 294/511/501 293/512/502 224/509/499
f 187/513/503 169/514/504 215/515/372
f 215/515/372 169/514/504 182/516/505
f 215/515/372 182/516/505 216/517/506
f 215/515/372 242/518/374 187/513/503
f 232/519/507 295/520/508 188/521/449
f 188/521/449 295/520/508 296/522/509
f 188/521/449 296/522/509 267/523/448
f 267/523/448 296/522/509 297/524/510
f 267/523/448 297/524/510 285/525/511
f 285/525/511 297/524/510 286/526/512
f 286/526/512 297/524/510 300/527/513
f 286/526/512 300/527/513 287/528/514
f 287/528/514 300/527/513 303/529/515
f 287/528/514 303/529/515 288/530/516
f 288/530/516 303/529/515 306/531/517
f 288/530/516 306/531/517 289/532/518
f 289/532/518 306/531/517 309/533/519
f 289/532/518 309/533/519 290/534/520
f 290/534/520 309/533/519 312/535/521
f 290/534/520 312/535/521 291/536/522
f 291/536/522 312/535/521 315/537/523
f 291/536/522 315/537/523 292/538/524
f 292/538/524 315/537/523 318/539/525
f 292/538/524 318/539/525 293/540/502
f 293/540/502 318/539/525 317/541/526
f 293/540/502 317/541/526 224/542/499
f 224/542/499 317/541/526 316/543/527
f 224/542/499 316/543/527 225/544/528
f 225/544/528 316/543/527 226/545/529
f 226/545/529 316/543/527 313/546/530
f 226/545/529 313/546/530 227/547/531
f 227/547/531 313/546/530 310/548/532
f 227/547/531 310/548/532 228/549/533
f 228/549/533 310/548/532 307/550/534
f 228/549/533 307/550/534 229/551/535
f 229/551/535 307/550/534 304/552/536
f 229/551/535 304/552/536 230/553/537
f 230/553/537 304/552/536 301/554/538
f 230/553/537 301/554/538 231/555/539
f 231/555/539 301/554/538 298/556/540
f 231/555/539 298/556/540 232/519/507
f 232/519/507 298/556/540 295/520/508
f 300/527/513 297/524/510 296/522/509
f 296/522/509 295/520/508 299/557/541
f 299/557/541 295/520/508 298/556/540
f 299/557/541 298/556/540 302/558/542
f 302/558/542 298/556/540 301/554/538
f 302/558/542 301/554/538 305/559/543
f 305/559/543 301/554/538 304/552/536
f 305/559/543 304/552/536 308/560/544
f 308/560/544 304/552/536 307/550/534
f 308/560/544 307/550/534 311/561/545
f 311/561/545 307/550/534 310/548/532
f 311/561/545 310/548/532 314/562/546
f 314/562/546 310/548/532 313/546/530
f 314/562/546 313/546/530 317/541/526
f 317/541/526 313/546/530 316/543/527
f 303/529/515 300/527/513 299/557/541
f 299/557/541 300/527/513 296/522/509
f 303/529/515 299/557/541 302/558/542
f 306/531/517 303/529/515 302/558/542
f 306/531/517 302/558/542 305/559/543
f 309/533/519 306/531/517 305/559/543
f 309/533/519 305/559/543 308/560/544
f 312/535/521 309/533/519 308/560/544
f 312/535/521 308/560/544 311/561/545
f 315/537/523 312/535/521 311/561/545
f 315/537/523 311/561/545 314/562/546
f 318/539/525 315/537/523 314/562/546
f 318/539/525 314/562/546 317/541/526
f 216/563/547 182/564/548 217/565/549
f 217/565/549 182/564/548 181/566/550
f 217/565/549 181/566/550 218/567/551
f 218/567/551 181/566/550 180/568/552
f 218/567/551 180/568/552 219/569/553
f 219/569/553 180/568/552 179/570/554
f 219/569/553 179/570/554 220/571/555
f 220/571/555 179/570/554 178/572/556
f 220/571/555 178/572/556 221/573/557
f 221/573/557 178/572/556 177/574/558
f 221/573/557 177/574/558 222/575/559
f 222/575/559 177/574/558 176/576/560
f 222/575/559 176/576/560 223/577/561
f 223/577/561 176/576/560 175/578/562
g Body81

v 2.574700 1.948867 5.874225
v 2.574700 1.648867 6.174225
v 2.574700 0.300000 6.174225
v 2.574700 0.300000 3.174225
v 2.574700 1.648867 3.174225
v 2.574700 1.948867 3.474225
v 2.574700 1.948867 4.316047
v 2.574700 2.020841 4.404239
v 2.574700 2.071002 4.506425
v 2.574700 2.096750 4.617308
v 2.574700 2.096750 4.731142
v 2.574700 2.071002 4.842025
v 2.574700 2.020841 4.944211
v 2.574700 1.948867 5.032403
v 1.424700 0.300000 3.174225
v 1.424700 1.648867 3.174225
v 1.424700 0.300000 6.174225
v 1.424700 1.648867 6.174225
v 1.424700 1.948867 5.874225
v 2.374700 1.871698 4.254486
v 2.374700 1.764910 4.202203
v 2.374700 1.648797 4.176612
v 2.374700 1.529924 4.179160
v 2.374700 1.415014 4.209703
v 2.374700 1.310565 4.266515
v 2.374700 1.222483 4.346382
v 2.374700 1.155749 4.444788
v 2.374700 1.114137 4.556168
v 2.374700 1.100000 4.674225
v 2.374700 1.114137 4.792281
v 2.374700 1.155749 4.903662
v 2.374700 1.222483 5.002068
v 2.374700 1.310565 5.081935
v 2.374700 1.415014 5.138746
v 2.374700 1.529924 5.169290
v 2.374700 1.648797 5.171838
v 2.374700 1.764910 5.146247
v 2.374700 1.871698 5.093963
v 2.374700 1.882376 5.088735
v 2.374700 1.893988 5.086176
v 2.374700 1.905875 5.086431
v 2.374700 1.917366 5.089485
v 2.374700 1.927811 5.095166
v 2.374700 1.936619 5.103153
v 2.374700 1.943292 5.112994
v 2.374700 1.947454 5.124132
v 2.374700 1.948867 5.135937
v 2.374700 1.948867 5.032403
v 2.374700 2.020841 4.944211
v 2.374700 2.071002 4.842025
v 2.374700 2.096750 4.731142
v 2.374700 2.096750 4.617308
v 2.374700 2.071002 4.506425
v 2.374700 2.020841 4.404239
v 2.374700 1.948867 4.316047
v 2.374700 1.948867 4.212512
v 2.374700 1.947454 4.224318
v 2.374700 1.943292 4.235456
v 2.374700 1.936619 4.245297
v 2.374700 1.927811 4.253283
v 2.374700 1.917366 4.258965
v 2.374700 1.905875 4.262019
v 2.374700 1.893988 4.262274
v 2.374700 1.882376 4.259715
v 1.424700 1.871698 5.093963
v 1.424700 1.882376 5.088735
v 1.424700 1.893988 5.086176
v 1.424700 1.905875 5.086431
v 1.424700 1.917366 5.089485
v 1.424700 1.927811 5.095166
v 1.424700 1.936619 5.103153
v 1.424700 1.943292 5.112994
v 1.424700 1.947454 5.124132
v 1.424700 1.948867 5.135937
v 2.137200 1.947454 5.124132
v 1.899700 1.947454 5.124132
v 1.662200 1.947454 5.124132
v 2.137200 1.943292 5.112994
v 1.899700 1.943292 5.112994
v 1.662200 1.943292 5.112994
v 2.137200 1.936619 5.103153
v 1.899700 1.936619 5.103153
v 1.662200 1.936619 5.103153
v 2.137200 1.927811 5.095166
v 1.899700 1.927811 5.095166
v 1.662200 1.927811 5.095166
v 2.137200 1.917366 5.089485
v 1.899700 1.917366 5.089485
v 1.662200 1.917366 5.089485
v 2.137200 1.905875 5.086431
v 1.899700 1.905875 5.086431
v 1.662200 1.905875 5.086431
v 2.137200 1.893988 5.086176
v 1.899700 1.893988 5.086176
v 1.662200 1.893988 5.086176
v 2.137200 1.882376 5.088735
v 1.899700 1.882376 5.088735
v 1.662200 1.882376 5.088735
v 1.424700 1.871698 4.254486
v 1.424700 1.764910 4.202203
v 1.424700 1.648797 4.176612
v 1.424700 1.529924 4.179160
v 1.424700 1.415014 4.209703
v 1.424700 1.310565 4.266515
v 1.424700 1.222483 4.346382
v 1.424700 1.155749 4.444788
v 1.424700 1.114137 4.556168
v 1.424700 1.100000 4.674225
v 1.424700 1.114137 4.792281
v 1.424700 1.155749 4.903662
v 1.424700 1.222483 5.002068
v 1.424700 1.310565 5.081935
v 1.424700 1.415014 5.138746
v 1.424700 1.529924 5.169290
v 1.424700 1.648797 5.171838
v 1.424700 1.764910 5.146247
v 1.424700 1.882376 4.259715
v 1.424700 1.893988 4.262274
v 1.424700 1.905875 4.262019
v 1.424700 1.917366 4.258965
v 1.424700 1.927811 4.253283
v 1.424700 1.936619 4.245297
v 1.424700 1.943292 4.235456
v 1.424700 1.947454 4.224318
v 1.424700 1.948867 4.212512
v 1.424700 1.948867 3.474225
v 2.137200 1.882376 4.259715
v 1.899700 1.882376 4.259715
v 1.662200 1.882376 4.259715
v 2.137200 1.893988 4.262274
v 1.899700 1.893988 4.262274
v 1.662200 1.893988 4.262274
v 2.137200 1.905875 4.262019
v 1.899700 1.905875 4.262019
v 1.662200 1.905875 4.262019
v 2.137200 1.917366 4.258965
v 1.899700 1.917366 4.258965
v 1.662200 1.917366 4.258965
v 2.137200 1.927811 4.253283
v 1.899700 1.927811 4.253283
v 1.662200 1.927811 4.253283
v 2.137200 1.936619 4.245297
v 1.899700 1.936619 4.245297
v 1.662200 1.936619 4.245297
v 2.137200 1.943292 4.235456
v 1.899700 1.943292 4.235456
v 1.662200 1.943292 4.235456
v 2.137200 1.947454 4.224318
v 1.899700 1.947454 4.224318
v 1.662200 1.947454 4.224318
vt -1.200000 0.348867 0.000000
vt -1.500000 0.048867 0.000000
vt -0.358178 0.348867 0.000000
vt -1.500000 -1.300000 0.000000
vt 1.500000 -1.300000 0.000000
vt 0.358178 0.348867 0.000000
vt 1.500000 0.048867 0.000000
vt 1.200000 0.348867 0.000000
vt -0.269986 0.420841 0.000000
vt 0.269986 0.420841 0.000000
vt -0.167800 0.471002 0.000000
vt 0.167800 0.471002 0.000000
vt -0.056917 0.496750 0.000000
vt 0.056917 0.496750 0.000000
vt 1.548867 4.064000 0.000000
vt 0.200000 4.064000 0.000000
vt 1.548867 2.914000 0.000000
vt 0.200000 2.914000 0.000000
vt 0.100000 -1.557253 0.000000
vt 3.100000 -1.557253 0.000000
vt 0.100000 -0.407253 0.000000
vt 3.100000 -0.407253 0.000000
vt 2.001172 4.064000 0.000000
vt 0.652305 4.064000 0.000000
vt 2.001172 2.914000 0.000000
vt 0.652305 2.914000 0.000000
vt 2.607000 0.212132 0.000000
vt 1.457000 0.212132 0.000000
vt 2.607000 -0.212132 0.000000
vt 1.457000 -0.212132 0.000000
vt -0.472022 0.164910 0.000000
vt -0.464522 -0.184986 0.000000
vt -0.419739 0.271698 0.000000
vt -0.407710 -0.289435 0.000000
vt -0.327843 -0.377517 0.000000
vt -0.497613 0.048797 0.000000
vt -0.495065 -0.070076 0.000000
vt -0.229437 -0.444251 0.000000
vt -0.118056 -0.485863 0.000000
vt -0.000000 -0.500000 0.000000
vt 0.118056 -0.485863 0.000000
vt 0.229437 -0.444251 0.000000
vt 0.327843 -0.377517 0.000000
vt -0.358178 0.348867 0.000000
vt 0.407710 -0.289435 0.000000
vt 0.464522 -0.184986 0.000000
vt 0.495065 -0.070076 0.000000
vt 0.497613 0.048797 0.000000
vt 0.472022 0.164910 0.000000
vt 0.419739 0.271698 0.000000
vt 0.358178 0.348867 0.000000
vt -0.269986 0.420841 0.000000
vt -0.167800 0.471002 0.000000
vt -0.056917 0.496750 0.000000
vt 0.056917 0.496750 0.000000
vt 0.167800 0.471002 0.000000
vt 0.269986 0.420841 0.000000
vt 0.414510 0.282376 0.000000
vt 0.411951 0.293988 0.000000
vt 0.412206 0.305875 0.000000
vt 0.415260 0.317366 0.000000
vt 0.420941 0.327811 0.000000
vt 0.428928 0.336619 0.000000
vt 0.438769 0.343292 0.000000
vt 0.449907 0.347454 0.000000
vt 0.461712 0.348867 0.000000
vt -0.461712 0.348867 0.000000
vt -0.449907 0.347454 0.000000
vt -0.438769 0.343292 0.000000
vt -0.428928 0.336619 0.000000
vt -0.420941 0.327811 0.000000
vt -0.415260 0.317366 0.000000
vt -0.412206 0.305875 0.000000
vt -0.411951 0.293988 0.000000
vt -0.414510 0.282376 0.000000
vt 0.990000 0.041714 0.000000
vt 1.227500 0.041714 0.000000
vt 0.990000 0.053632 0.000000
vt 1.465000 0.041714 0.000000
vt 1.940000 0.053632 0.000000
vt 1.702500 0.041714 0.000000
vt 1.940000 0.041714 0.000000
vt 1.940000 0.029795 0.000000
vt 1.702500 0.029795 0.000000
vt 1.940000 0.017877 0.000000
vt 1.702500 0.017877 0.000000
vt 1.940000 0.005959 0.000000
vt 1.702500 0.005959 0.000000
vt 1.940000 -0.005959 0.000000
vt 1.702500 -0.005959 0.000000
vt 1.940000 -0.017877 0.000000
vt 1.702500 -0.017877 0.000000
vt 1.940000 -0.029795 0.000000
vt 1.702500 -0.029795 0.000000
vt 1.940000 -0.041714 0.000000
vt 1.702500 -0.041714 0.000000
vt 1.940000 -0.053632 0.000000
vt 1.465000 -0.041714 0.000000
vt 0.990000 -0.053632 0.000000
vt 1.227500 -0.041714 0.000000
vt 0.990000 -0.041714 0.000000
vt 0.990000 -0.029795 0.000000
vt 1.227500 -0.029795 0.000000
vt 0.990000 -0.017877 0.000000
vt 1.227500 -0.017877 0.000000
vt 0.990000 -0.005959 0.000000
vt 1.227500 -0.005959 0.000000
vt 0.990000 0.005959 0.000000
vt 1.227500 0.005959 0.000000
vt 0.990000 0.017877 0.000000
vt 1.227500 0.017877 0.000000
vt 0.990000 0.029795 0.000000
vt 1.227500 0.029795 0.000000
vt 1.465000 0.029795 0.000000
vt 1.465000 0.017877 0.000000
vt 1.465000 0.005959 0.000000
vt 1.465000 -0.005959 0.000000
vt 1.465000 -0.017877 0.000000
vt 1.465000 -0.029795 0.000000
vt 1.940000 0.287238 0.000000
vt 0.990000 0.287238 0.000000
vt 1.940000 0.168056 0.000000
vt 0.990000 0.168056 0.000000
vt 1.940000 0.048874 0.000000
vt 0.990000 0.048874 0.000000
vt 1.940000 -0.070307 0.000000
vt 0.990000 -0.070307 0.000000
vt 1.940000 -0.189489 0.000000
vt 0.990000 -0.189489 0.000000
vt 1.940000 -0.308671 0.000000
vt 0.990000 -0.308671 0.000000
vt 1.940000 -0.427853 0.000000
vt 0.990000 -0.427853 0.000000
vt 1.940000 -0.547035 0.000000
vt 0.990000 -0.547035 0.000000
vt 1.940000 -0.666216 0.000000
vt 0.990000 -0.666216 0.000000
vt 1.940000 -0.785398 0.000000
vt 0.990000 -0.785398 0.000000
vt 1.940000 -0.904580 0.000000
vt 0.990000 -0.904580 0.000000
vt 1.940000 -1.023762 0.000000
vt 0.990000 -1.023762 0.000000
vt 1.940000 -1.142944 0.000000
vt 0.990000 -1.142944 0.000000
vt 1.940000 -1.262125 0.000000
vt 0.990000 -1.262125 0.000000
vt 1.940000 -1.381307 0.000000
vt 0.990000 -1.381307 0.000000
vt 1.940000 -1.500489 0.000000
vt 0.990000 -1.500489 0.000000
vt 1.940000 -1.619671 0.000000
vt 0.990000 -1.619671 0.000000
vt 1.940000 -1.738853 0.000000
vt 0.990000 -1.738853 0.000000
vt 1.940000 -1.858034 0.000000
vt 0.990000 -1.858034 0.000000
vt 2.700000 -0.352305 0.000000
vt 1.997613 -0.652375 0.000000
vt 3.000000 -0.652305 0.000000
vt 1.995065 -0.771248 0.000000
vt 1.964522 -0.886158 0.000000
vt 1.972022 -0.536262 0.000000
vt 1.961713 -0.352305 0.000000
vt 1.919739 -0.429474 0.000000
vt 1.914510 -0.418796 0.000000
vt 1.911951 -0.407184 0.000000
vt 1.912206 -0.395297 0.000000
vt 1.915260 -0.383806 0.000000
vt 1.920942 -0.373361 0.000000
vt 1.928928 -0.364553 0.000000
vt 1.938769 -0.357880 0.000000
vt 1.949907 -0.353718 0.000000
vt 1.907710 -0.990607 0.000000
vt 3.000000 -2.001172 0.000000
vt 1.827843 -1.078689 0.000000
vt 1.729437 -1.145423 0.000000
vt 1.618057 -1.187035 0.000000
vt 1.500000 -1.201172 0.000000
vt 0.000000 -2.001172 0.000000
vt 1.381944 -1.187035 0.000000
vt 1.270563 -1.145423 0.000000
vt 1.172157 -1.078689 0.000000
vt 1.092290 -0.990607 0.000000
vt 0.000000 -0.652305 0.000000
vt 1.035479 -0.886158 0.000000
vt 1.004935 -0.771248 0.000000
vt 1.002387 -0.652375 0.000000
vt 0.300000 -0.352305 0.000000
vt 1.027978 -0.536262 0.000000
vt 1.038288 -0.352305 0.000000
vt 1.080262 -0.429474 0.000000
vt 1.085490 -0.418796 0.000000
vt 1.088049 -0.407184 0.000000
vt 1.087794 -0.395297 0.000000
vt 1.084740 -0.383806 0.000000
vt 1.079059 -0.373361 0.000000
vt 1.071072 -0.364553 0.000000
vt 1.061231 -0.357880 0.000000
vt 1.050093 -0.353718 0.000000
vt -2.607000 -0.212132 0.000000
vt -1.457000 -0.212132 0.000000
vt -2.607000 0.212132 0.000000
vt -1.457000 0.212132 0.000000
vt 0.000000 0.950000 0.000000
vt 0.000000 1.150000 0.000000
vt -0.103534 0.950000 0.000000
vt -0.841822 1.150000 0.000000
vt -0.841822 -0.000000 0.000000
vt -0.103534 -0.000000 0.000000
vt -0.300000 -0.000000 0.000000
vt -0.300000 1.150000 0.000000
vt -1.038288 0.950000 0.000000
vt -1.141822 1.150000 0.000000
vt -1.141822 0.950000 0.000000
vt -1.038288 -0.000000 0.000000
vt -0.990000 -0.041714 0.000000
vt -1.227500 -0.041714 0.000000
vt -0.990000 -0.053632 0.000000
vt -1.465000 -0.041714 0.000000
vt -1.940000 -0.053632 0.000000
vt -1.702500 -0.041714 0.000000
vt -1.940000 -0.041714 0.000000
vt -1.940000 -0.029795 0.000000
vt -1.702500 -0.029795 0.000000
vt -1.940000 -0.017877 0.000000
vt -1.702500 -0.017877 0.000000
vt -1.940000 -0.005959 0.000000
vt -1.702500 -0.005959 0.000000
vt -1.940000 0.005959 0.000000
vt -1.702500 0.005959 0.000000
vt -1.940000 0.017877 0.000000
vt -1.702500 0.017877 0.000000
vt -1.940000 0.029795 0.000000
vt -1.702500 0.029795 0.000000
vt -1.940000 0.041714 0.000000
vt -1.702500 0.041714 0.000000
vt -1.940000 0.053632 0.000000
vt -1.465000 0.041714 0.000000
vt -0.990000 0.053632 0.000000
vt -1.227500 0.041714 0.000000
vt -0.990000 0.041714 0.000000
vt -0.990000 0.029795 0.000000
vt -1.227500 0.029795 0.000000
vt -0.990000 0.017877 0.000000
vt -1.227500 0.017877 0.000000
vt -0.990000 0.005959 0.000000
vt -1.227500 0.005959 0.000000
vt -0.990000 -0.005959 0.000000
vt -1.227500 -0.005959 0.000000
vt -0.990000 -0.017877 0.000000
vt -1.227500 -0.017877 0.000000
vt -0.990000 -0.029795 0.000000
vt -1.227500 -0.029795 0.000000
vt -1.465000 -0.029795 0.000000
vt -1.465000 -0.017877 0.000000
vt -1.465000 -0.005959 0.000000
vt -1.465000 0.005959 0.000000
vt -1.465000 0.017877 0.000000
vt -1.465000 0.029795 0.000000
vt -0.950000 -0.386115 0.000000
vt -1.150000 -0.386115 0.000000
vt -0.950000 -0.500196 0.000000
vt -1.150000 -0.500196 0.000000
vt -0.950000 -0.614277 0.000000
vt -1.150000 -0.614277 0.000000
vt -0.950000 -0.728358 0.000000
vt -1.150000 -0.728358 0.000000
vt -0.950000 -0.842439 0.000000
vt -1.150000 -0.842439 0.000000
vt -0.950000 -0.956519 0.000000
vt -1.150000 -0.956519 0.000000
vt -0.950000 -1.070600 0.000000
vt -1.150000 -1.070600 0.000000
vt -0.950000 -1.184681 0.000000
vt -1.150000 -1.184681 0.000000
vn 1.000000 0.000000 -0.000000
vn 1.000000 0.000000 -0.000000
vn 1.000000 0.000000 -0.000000
vn 1.000000 0.000000 -0.000000
vn 1.000000 0.000000 -0.000000
vn 1.000000 0.000000 -0.000000
vn 1.000000 0.000000 -0.000000
vn 1.000000 0.000000 -0.000000
vn 1.000000 0.000000 -0.000000
vn 1.000000 0.000000 -0.000000
vn 1.000000 0.000000 -0.000000
vn 1.000000 0.000000 -0.000000
vn 1.000000 0.000000 -0.000000
vn 1.000000 0.000000 -0.000000
vn -0.000000 0.000000 -1.000000
vn -0.000000 0.000000 -1.000000
vn -0.000000 0.000000 -1.000000
vn -0.000000 0.000000 -1.000000
vn -0.000000 -1.000000 -0.000000
vn -0.000000 -1.000000 -0.000000
vn -0.000000 -1.000000 -0.000000
vn -0.000000 -1.000000 -0.000000
vn 0.000000 0.000000 1.000000
vn 0.000000 0.000000 1.000000
vn 0.000000 0.000000 1.000000
vn 0.000000 0.000000 1.000000
vn 0.000000 0.707107 0.707107
vn 0.000000 0.707107 0.707107
vn 0.000000 0.707107 0.707107
vn 0.000000 0.707107 0.707107
vn -1.000000 -0.000000 0.000000
vn -1.000000 -0.000000 0.000000
vn -1.000000 -0.000000 0.000000
vn -1.000000 -0.000000 0.000000
vn -1.000000 -0.000000 0.000000
vn -1.000000 -0.000000 0.000000
vn -1.000000 -0.000000 0.000000
vn -1.000000 -0.000000 0.000000
vn -1.000000 -0.000000 0.000000
vn -1.000000 -0.000000 0.000000
vn -1.000000 -0.000000 0.000000
vn -1.000000 -0.000000 0.000000
vn -1.000000 -0.000000 0.000000
vn -1.000000 -0.000000 0.000000
vn -1.000000 -0.000000 0.000000
vn -1.000000 -0.000000 0.000000
vn -1.000000 -0.000000 0.000000
vn -1.000000 -0.000000 0.000000
vn -1.000000 -0.000000 0.000000
vn -1.000000 -0.000000 0.000000
vn -1.000000 -0.000000 0.000000
vn -1.000000 -0.000000 0.000000
vn -1.000000 -0.000000 0.000000
vn -1.000000 -0.000000 0.000000
vn -1.000000 -0.000000 0.000000
vn -1.000000 -0.000000 0.000000
vn -1.000000 -0.000000 0.000000
vn -1.000000 -0.000000 0.000000
vn -1.000000 -0.000000 0.000000
vn -1.000000 -0.000000 0.000000
vn -1.000000 -0.000000 0.000000
vn -1.000000 -0.000000 0.000000
vn -1.000000 -0.000000 0.000000
vn -1.000000 -0.000000 0.000000
vn -1.000000 -0.000000 0.000000
vn -1.000000 -0.000000 0.000000
vn -1.000000 -0.000000 0.000000
vn -1.000000 -0.000000 0.000000
vn -1.000000 -0.000000 0.000000
vn -1.000000 -0.000000 0.000000
vn -1.000000 -0.000000 0.000000
vn -1.000000 -0.000000 0.000000
vn -1.000000 -0.000000 0.000000
vn -1.000000 -0.000000 0.000000
vn -1.000000 -0.000000 0.000000
vn -0.000000 0.971726 -0.236113
vn -0.000000 0.971726 -0.236113
vn -0.000000 1.000000 -0.000000
vn -0.000000 0.971726 -0.236113
vn 0.000000 1.000000 0.000000
vn -0.000000 0.971726 -0.236113
vn -0.000000 0.971726 -0.236113
vn -0.000000 0.888501 -0.458874
vn -0.000000 0.888501 -0.458874
vn -0.000000 0.755034 -0.655686
vn -0.000000 0.755034 -0.655686
vn -0.000000 0.578870 -0.815420
vn -0.000000 0.578870 -0.815420
vn -0.000000 0.369971 -0.929043
vn -0.000000 0.369971 -0.929043
vn -0.000000 0.140152 -0.990130
vn -0.000000 0.140152 -0.990130
vn -0.000000 -0.097593 -0.995226
vn -0.000000 -0.097593 -0.995226
vn -0.000000 -0.329820 -0.944044
vn -0.000000 -0.329820 -0.944044
vn -0.000000 -0.543395 -0.839477
vn -0.000000 -0.329820 -0.944044
vn -0.000000 -0.543395 -0.839477
vn -0.000000 -0.329820 -0.944044
vn -0.000000 -0.329820 -0.944044
vn -0.000000 -0.097593 -0.995226
vn -0.000000 -0.097593 -0.995226
vn -0.000000 0.140152 -0.990130
vn -0.000000 0.140152 -0.990130
vn -0.000000 0.369971 -0.929043
vn -0.000000 0.369971 -0.929043
vn -0.000000 0.578870 -0.815420
vn -0.000000 0.578870 -0.815420
vn -0.000000 0.755034 -0.655686
vn -0.000000 0.755034 -0.655686
vn -0.000000 0.888501 -0.458874
vn -0.000000 0.888501 -0.458874
vn -0.000000 0.888501 -0.458874
vn -0.000000 0.755034 -0.655686
vn -0.000000 0.578870 -0.815420
vn -0.000000 0.369971 -0.929043
vn -0.000000 0.140152 -0.990130
vn -0.000000 -0.097593 -0.995226
vn -0.000000 -0.329820 -0.944044
vn -0.000000 -0.329820 -0.944044
vn -0.000000 -0.097593 -0.995226
vn -0.000000 -0.097593 -0.995226
vn -0.000000 0.140152 -0.990130
vn -0.000000 0.140152 -0.990130
vn -0.000000 0.369971 -0.929043
vn -0.000000 0.369971 -0.929043
vn -0.000000 0.578870 -0.815420
vn -0.000000 0.578870 -0.815420
vn -0.000000 0.755034 -0.655686
vn -0.000000 0.755034 -0.655686
vn -0.000000 0.888501 -0.458874
vn -0.000000 0.888501 -0.458874
vn -0.000000 0.971726 -0.236113
vn -0.000000 0.971726 -0.236113
vn 0.000000 1.000000 0.000000
vn 0.000000 1.000000 0.000000
vn 0.000000 0.971726 0.236113
vn 0.000000 0.971726 0.236113
vn 0.000000 0.888501 0.458874
vn 0.000000 0.888501 0.458874
vn 0.000000 0.755034 0.655686
vn 0.000000 0.755034 0.655686
vn 0.000000 0.578870 0.815420
vn 0.000000 0.578870 0.815420
vn 0.000000 0.369971 0.929043
vn 0.000000 0.369971 0.929043
vn 0.000000 0.140152 0.990130
vn 0.000000 0.140152 0.990130
vn 0.000000 -0.097593 0.995226
vn 0.000000 -0.097593 0.995226
vn 0.000000 -0.329820 0.944044
vn 0.000000 -0.329820 0.944044
vn 0.000000 -0.543395 0.839477
vn 0.000000 -0.543395 0.839477
vn -1.000000 -0.000000 0.000000
vn -1.000000 -0.000000 0.000000
vn -1.000000 -0.000000 0.000000
vn -1.000000 -0.000000 0.000000
vn -1.000000 -0.000000 0.000000
vn -1.000000 -0.000000 0.000000
vn -1.000000 -0.000000 0.000000
vn -1.000000 -0.000000 0.000000
vn -1.000000 -0.000000 0.000000
vn -1.000000 -0.000000 0.000000
vn -1.000000 -0.000000 0.000000
vn -1.000000 -0.000000 0.000000
vn -1.000000 -0.000000 0.000000
vn -1.000000 -0.000000 0.000000
vn -1.000000 -0.000000 0.000000
vn -1.000000 -0.000000 0.000000
vn -1.000000 -0.000000 0.000000
vn -1.000000 -0.000000 0.000000
vn -1.000000 -0.000000 0.000000
vn -1.000000 -0.000000 0.000000
vn -1.000000 -0.000000 0.000000
vn -1.000000 -0.000000 0.000000
vn -1.000000 -0.000000 0.000000
vn -1.000000 -0.000000 0.000000
vn -1.000000 -0.000000 0.000000
vn -1.000000 -0.000000 0.000000
vn -1.000000 -0.000000 0.000000
vn -1.000000 -0.000000 0.000000
vn -1.000000 -0.000000 0.000000
vn -1.000000 -0.000000 0.000000
vn -1.000000 -0.000000 0.000000
vn -1.000000 -0.000000 0.000000
vn -1.000000 -0.000000 0.000000
vn -1.000000 -0.000000 0.000000
vn -1.000000 -0.000000 0.000000
vn -1.000000 -0.000000 0.000000
vn -1.000000 -0.000000 0.000000
vn -1.000000 -0.000000 0.000000
vn -1.000000 -0.000000 0.000000
vn -1.000000 -0.000000 0.000000
vn -1.000000 -0.000000 0.000000
vn -1.000000 -0.000000 0.000000
vn -1.000000 -0.000000 0.000000
vn -0.000000 0.707107 -0.707107
vn -0.000000 0.707107 -0.707107
vn -0.000000 0.707107 -0.707107
vn -0.000000 0.707107 -0.707107
vn -0.000000 1.000000 -0.000000
vn -0.000000 1.000000 -0.000000
vn -0.000000 1.000000 -0.000000
vn -0.000000 1.000000 -0.000000
vn -0.000000 1.000000 -0.000000
vn -0.000000 1.000000 -0.000000
vn -0.000000 1.000000 -0.000000
vn -0.000000 1.000000 -0.000000
vn -0.000000 1.000000 -0.000000
vn -0.000000 1.000000 -0.000000
vn 0.000000 -0.329820 0.944044
vn 0.000000 -0.329820 0.944044
vn 0.000000 -0.329820 0.944044
vn 0.000000 -0.329820 0.944044
vn 0.000000 -0.329820 0.944044
vn 0.000000 -0.097593 0.995226
vn 0.000000 -0.097593 0.995226
vn 0.000000 0.140152 0.990130
vn 0.000000 0.140152 0.990130
vn 0.000000 0.369971 0.929043
vn 0.000000 0.369971 0.929043
vn 0.000000 0.578870 0.815420
vn 0.000000 0.578870 0.815420
vn 0.000000 0.755034 0.655686
vn 0.000000 0.755034 0.655686
vn 0.000000 0.888501 0.458874
vn 0.000000 0.888501 0.458874
vn 0.000000 0.971726 0.236113
vn 0.000000 0.971726 0.236113
vn 0.000000 0.971726 0.236113
vn 0.000000 0.971726 0.236113
vn 0.000000 0.971726 0.236113
vn 0.000000 0.888501 0.458874
vn 0.000000 0.888501 0.458874
vn 0.000000 0.755034 0.655686
vn 0.000000 0.755034 0.655686
vn 0.000000 0.578870 0.815420
vn 0.000000 0.578870 0.815420
vn 0.000000 0.369971 0.929043
vn 0.000000 0.369971 0.929043
vn 0.000000 0.140152 0.990130
vn 0.000000 0.140152 0.990130
vn 0.000000 -0.097593 0.995226
vn 0.000000 -0.097593 0.995226
vn 0.000000 -0.097593 0.995226
vn 0.000000 0.140152 0.990130
vn 0.000000 0.369971 0.929043
vn 0.000000 0.578870 0.815420
vn 0.000000 0.755034 0.655686
vn 0.000000 0.888501 0.458874
vn 0.000000 0.697735 0.716356
vn 0.000000 0.697735 0.716356
vn 0.000000 0.841683 0.539972
vn 0.000000 0.841683 0.539972
vn 0.000000 0.942004 0.335601
vn 0.000000 0.942004 0.335601
vn 0.000000 0.993500 0.113834
vn 0.000000 0.993500 0.113834
vn -0.000000 0.993500 -0.113834
vn -0.000000 0.993500 -0.113834
vn -0.000000 0.942004 -0.335601
vn -0.000000 0.942004 -0.335601
vn -0.000000 0.841683 -0.539972
vn -0.000000 0.841683 -0.539972
vn -0.000000 0.697735 -0.716356
vn -0.000000 0.697735 -0.716356
f 319/579/563 320/580/564 332/581/565
f 332/581/565 320/580/564 321/582/566
f 332/581/565 321/582/566 322/583/567
f 332/581/565 322/583/567 325/584/568
f 325/584/568 322/583/567 323/585/569
f 325/584/568 323/585/569 324/586/570
f 332/581/565 325/584/568 331/587/571
f 331/587/571 325/584/568 326/588/572
f 331/587/571 326/588/572 330/589/573
f 330/589/573 326/588/572 327/590/574
f 330/589/573 327/590/574 329/591/575
f 329/591/575 327/590/574 328/592/576
f 323/593/577 322/594/578 334/595/579
f 334/595/579 322/594/578 333/596/580
f 322/597/581 321/598/582 333/599/583
f 333/599/583 321/598/582 335/600/584
f 321/601/585 320/602/586 335/603/587
f 335/603/587 320/602/586 336/604/588
f 319/605/589 337/606/590 320/607/591
f 320/607/591 337/606/590 336/608/592
f 339/609/593 342/610/594 338/611/595
f 338/611/595 342/610/594 343/612/596
f 338/611/595 343/612/596 344/613/597
f 340/614/598 341/615/599 339/609/593
f 339/609/593 341/615/599 342/610/594
f 344/613/597 345/616/600 338/611/595
f 338/611/595 345/616/600 346/617/601
f 338/611/595 346/617/601 347/618/602
f 347/618/602 348/619/603 338/611/595
f 338/611/595 348/619/603 349/620/604
f 338/611/595 349/620/604 350/621/605
f 338/611/595 350/621/605 373/622/606
f 373/622/606 350/621/605 351/623/607
f 373/622/606 351/623/607 352/624/608
f 352/624/608 353/625/609 373/622/606
f 373/622/606 353/625/609 354/626/610
f 373/622/606 354/626/610 355/627/611
f 355/627/611 356/628/612 373/622/606
f 373/622/606 356/628/612 366/629/613
f 373/622/606 366/629/613 372/630/614
f 372/630/614 366/629/613 371/631/615
f 371/631/615 366/629/613 370/632/616
f 370/632/616 366/629/613 369/633/617
f 369/633/617 366/629/613 368/634/618
f 368/634/618 366/629/613 367/635/619
f 356/628/612 357/636/620 366/629/613
f 366/629/613 357/636/620 358/637/621
f 366/629/613 358/637/621 359/638/622
f 359/638/622 360/639/623 366/629/613
f 366/629/613 360/639/623 361/640/624
f 366/629/613 361/640/624 362/641/625
f 362/641/625 363/642/626 366/629/613
f 366/629/613 363/642/626 364/643/627
f 366/629/613 364/643/627 365/644/628
f 374/645/629 375/646/630 373/622/606
f 373/622/606 375/646/630 376/647/631
f 373/622/606 376/647/631 377/648/632
f 377/648/632 378/649/633 373/622/606
f 373/622/606 378/649/633 379/650/634
f 373/622/606 379/650/634 380/651/635
f 380/651/635 381/652/636 373/622/606
f 373/622/606 381/652/636 382/653/637
f 373/622/606 382/653/637 338/611/595
f 364/654/638 393/655/639 365/656/640
f 365/656/640 393/655/639 394/657/641
f 365/656/640 394/657/641 392/658/642
f 392/658/642 394/657/641 395/659/643
f 392/658/642 395/659/643 391/660/644
f 391/660/644 395/659/643 390/661/645
f 390/661/645 395/659/643 398/662/646
f 390/661/645 398/662/646 389/663/647
f 389/663/647 398/662/646 401/664/648
f 389/663/647 401/664/648 388/665/649
f 388/665/649 401/664/648 404/666/650
f 388/665/649 404/666/650 387/667/651
f 387/667/651 404/666/650 407/668/652
f 387/667/651 407/668/652 386/669/653
f 386/669/653 407/668/652 410/670/654
f 386/669/653 410/670/654 385/671/655
f 385/671/655 410/670/654 413/672/656
f 385/671/655 413/672/656 384/673/657
f 384/673/657 413/672/656 416/674/658
f 384/673/657 416/674/658 383/675/659
f 383/675/659 416/674/658 415/676/660
f 383/675/659 415/676/660 356/677/661
f 356/677/661 415/676/660 414/678/662
f 356/677/661 414/678/662 357/679/663
f 357/679/663 414/678/662 358/680/664
f 358/680/664 414/678/662 411/681/665
f 358/680/664 411/681/665 359/682/666
f 359/682/666 411/681/665 408/683/667
f 359/682/666 408/683/667 360/684/668
f 360/684/668 408/683/667 405/685/669
f 360/684/668 405/685/669 361/686/670
f 361/686/670 405/685/669 402/687/671
f 361/686/670 402/687/671 362/688/672
f 362/688/672 402/687/671 399/689/673
f 362/688/672 399/689/673 363/690/674
f 363/690/674 399/689/673 396/691/675
f 363/690/674 396/691/675 364/654/638
f 364/654/638 396/691/675 393/655/639
f 398/662/646 395/659/643 394/657/641
f 394/657/641 393/655/639 397/692/676
f 397/692/676 393/655/639 396/691/675
f 397/692/676 396/691/675 400/693/677
f 400/693/677 396/691/675 399/689/673
f 400/693/677 399/689/673 403/694/678
f 403/694/678 399/689/673 402/687/671
f 403/694/678 402/687/671 406/695/679
f 406/695/679 402/687/671 405/685/669
f 406/695/679 405/685/669 409/696/680
f 409/696/680 405/685/669 408/683/667
f 409/696/680 408/683/667 412/697/681
f 412/697/681 408/683/667 411/681/665
f 412/697/681 411/681/665 415/676/660
f 415/676/660 411/681/665 414/678/662
f 401/664/648 398/662/646 397/692/676
f 397/692/676 398/662/646 394/657/641
f 401/664/648 397/692/676 400/693/677
f 404/666/650 401/664/648 400/693/677
f 404/666/650 400/693/677 403/694/678
f 407/668/652 404/666/650 403/694/678
f 407/668/652 403/694/678 406/695/679
f 410/670/654 407/668/652 406/695/679
f 410/670/654 406/695/679 409/696/680
f 413/672/656 410/670/654 409/696/680
f 413/672/656 409/696/680 412/697/681
f 416/674/658 413/672/656 412/697/681
f 416/674/658 412/697/681 415/676/660
f 383/698/659 356/699/661 434/700/682
f 434/700/682 356/699/661 355/701/683
f 434/700/682 355/701/683 433/702/684
f 433/702/684 355/701/683 354/703/685
f 433/702/684 354/703/685 432/704/686
f 432/704/686 354/703/685 353/705/687
f 432/704/686 353/705/687 431/706/688
f 431/706/688 353/705/687 352/707/689
f 431/706/688 352/707/689 430/708/690
f 430/708/690 352/707/689 351/709/691
f 430/708/690 351/709/691 429/710/692
f 429/710/692 351/709/691 350/711/693
f 429/710/692 350/711/693 428/712/694
f 428/712/694 350/711/693 349/713/695
f 428/712/694 349/713/695 427/714/696
f 427/714/696 349/713/695 348/715/697
f 427/714/696 348/715/697 426/716/698
f 426/716/698 348/715/697 347/717/699
f 426/716/698 347/717/699 425/718/700
f 425/718/700 347/717/699 346/719/701
f 425/718/700 346/719/701 424/720/702
f 424/720/702 346/719/701 345/721/703
f 424/720/702 345/721/703 423/722/704
f 423/722/704 345/721/703 344/723/705
f 423/722/704 344/723/705 422/724/706
f 422/724/706 344/723/705 343/725/707
f 422/724/706 343/725/707 421/726/708
f 421/726/708 343/725/707 342/727/709
f 421/726/708 342/727/709 420/728/710
f 420/728/710 342/727/709 341/729/711
f 420/728/710 341/729/711 419/730/712
f 419/730/712 341/729/711 340/731/713
f 419/730/712 340/731/713 418/732/714
f 418/732/714 340/731/713 339/733/715
f 418/732/714 339/733/715 417/734/716
f 417/734/716 339/733/715 338/735/717
f 337/736/718 433/737/719 336/738/720
f 336/738/720 433/737/719 432/739/721
f 336/738/720 432/739/721 431/740/722
f 433/737/719 337/736/718 434/741/723
f 434/741/723 337/736/718 392/742/724
f 434/741/723 392/742/724 383/743/725
f 383/743/725 392/742/724 384/744/726
f 384/744/726 392/742/724 385/745/727
f 385/745/727 392/742/724 386/746/728
f 386/746/728 392/742/724 387/747/729
f 387/747/729 392/742/724 388/748/730
f 388/748/730 392/742/724 389/749/731
f 389/749/731 392/742/724 390/750/732
f 390/750/732 392/742/724 391/751/733
f 431/740/722 430/752/734 336/738/720
f 336/738/720 430/752/734 335/753/735
f 335/753/735 430/752/734 429/754/736
f 335/753/735 429/754/736 428/755/737
f 428/755/737 427/756/738 335/753/735
f 335/753/735 427/756/738 426/757/739
f 335/753/735 426/757/739 333/758/740
f 333/758/740 426/757/739 425/759/741
f 333/758/740 425/759/741 424/760/742
f 424/760/742 423/761/743 333/758/740
f 333/758/740 423/761/743 422/762/744
f 333/758/740 422/762/744 334/763/745
f 334/763/745 422/762/744 421/764/746
f 334/763/745 421/764/746 420/765/747
f 420/765/747 419/766/748 334/763/745
f 334/763/745 419/766/748 444/767/749
f 444/767/749 419/766/748 418/768/750
f 444/767/749 418/768/750 443/769/751
f 443/769/751 418/768/750 417/770/752
f 443/769/751 417/770/752 435/771/753
f 435/771/753 436/772/754 443/769/751
f 443/769/751 436/772/754 437/773/755
f 443/769/751 437/773/755 438/774/756
f 438/774/756 439/775/757 443/769/751
f 443/769/751 439/775/757 440/776/758
f 443/769/751 440/776/758 441/777/759
f 441/777/759 442/778/760 443/769/751
f 323/779/761 334/780/762 324/781/763
f 324/781/763 334/780/762 444/782/764
f 373/783/765 325/784/766 374/785/767
f 374/785/767 325/784/766 324/786/768
f 374/785/767 324/786/768 444/787/769
f 444/787/769 443/788/770 374/785/767
f 337/789/771 319/790/772 365/791/640
f 365/791/640 319/790/772 332/792/773
f 365/791/640 332/792/773 366/793/774
f 365/791/640 392/794/642 337/789/771
f 382/795/775 445/796/776 338/797/717
f 338/797/717 445/796/776 446/798/777
f 338/797/717 446/798/777 417/799/716
f 417/799/716 446/798/777 447/800/778
f 417/799/716 447/800/778 435/801/779
f 435/801/779 447/800/778 436/802/780
f 436/802/780 447/800/778 450/803/781
f 436/802/780 450/803/781 437/804/782
f 437/804/782 450/803/781 453/805/783
f 437/804/782 453/805/783 438/806/784
f 438/806/784 453/805/783 456/807/785
f 438/806/784 456/807/785 439/808/786
f 439/808/786 456/807/785 459/809/787
f 439/808/786 459/809/787 440/810/788
f 440/810/788 459/809/787 462/811/789
f 440/810/788 462/811/789 441/812/790
f 441/812/790 462/811/789 465/813/791
f 441/812/790 465/813/791 442/814/792
f 442/814/792 465/813/791 468/815/793
f 442/814/792 468/815/793 443/816/770
f 443/816/770 468/815/793 467/817/794
f 443/816/770 467/817/794 374/818/767
f 374/818/767 467/817/794 466/819/795
f 374/818/767 466/819/795 375/820/796
f 375/820/796 466/819/795 376/821/797
f 376/821/797 466/819/795 463/822/798
f 376/821/797 463/822/798 377/823/799
f 377/823/799 463/822/798 460/824/800
f 377/823/799 460/824/800 378/825/801
f 378/825/801 460/824/800 457/826/802
f 378/825/801 457/826/802 379/827/803
f 379/827/803 457/826/802 454/828/804
f 379/827/803 454/828/804 380/829/805
f 380/829/805 454/828/804 451/830/806
f 380/829/805 451/830/806 381/831/807
f 381/831/807 451/830/806 448/832/808
f 381/831/807 448/832/808 382/795/775
f 382/795/775 448/832/808 445/796/776
f 450/803/781 447/800/778 446/798/777
f 446/798/777 445/796/776 449/833/809
f 449/833/809 445/796/776 448/832/808
f 449/833/809 448/832/808 452/834/810
f 452/834/810 448/832/808 451/830/806
f 452/834/810 451/830/806 455/835/811
f 455/835/811 451/830/806 454/828/804
f 455/835/811 454/828/804 458/836/812
f 458/836/812 454/828/804 457/826/802
f 458/836/812 457/826/802 461/837/813
f 461/837/813 457/826/802 460/824/800
f 461/837/813 460/824/800 464/838/814
f 464/838/814 460/824/800 463/822/798
f 464/838/814 463/822/798 467/817/794
f 467/817/794 463/822/798 466/819/795
f 453/805/783 450/803/781 449/833/809
f 449/833/809 450/803/781 446/798/777
f 453/805/783 449/833/809 452/834/810
f 456/807/785 453/805/783 452/834/810
f 456/807/785 452/834/810 455/835/811
f 459/809/787 456/807/785 455/835/811
f 459/809/787 455/835/811 458/836/812
f 462/811/789 459/809/787 458/836/812
f 462/811/789 458/836/812 461/837/813
f 465/813/791 462/811/789 461/837/813
f 465/813/791 461/837/813 464/838/814
f 468/815/793 465/813/791 464/838/814
f 468/815/793 464/838/814 467/817/794
f 366/839/815 332/840/816 367/841/817
f 367/841/817 332/840/816 331/842/818
f 367/841/817 331/842/818 368/843/819
f 368/843/819 331/842/818 330/844/820
f 368/843/819 330/844/820 369/845/821
f 369/845/821 330/844/820 329/846/822
f 369/845/821 329/846/822 370/847/823
f 370/847/823 329/846/822 328/848/824
f 370/847/823 328/848/824 371/849/825
f 371/849/825 328/848/824 327/850/826
f 371/849/825 327/850/826 372/851/827
f 372/851/827 327/850/826 326/852/828
f 372/851/827 326/852/828 373/853/829
f 373/853/829 326/852/828 325/854/830
g Body82

v -1.499300 2.301172 5.560396
v -1.299300 2.301172 5.560396
v -1.299300 2.448700 5.420309
v -1.299300 2.568720 5.256040
v -1.299300 2.657339 5.072913
v -1.299300 2.711686 4.876864
v -1.299300 2.730000 4.674248
v -1.299300 2.711686 4.471631
v -1.299300 2.657339 4.275582
v -1.299300 2.568720 4.092455
v -1.299300 2.448700 3.928187
v -1.299300 2.301172 3.788100
v -1.499300 2.301172 3.788100
v -1.499300 2.448700 3.928187
v -1.499300 2.568720 4.092455
v -1.499300 2.657339 4.275582
v -1.499300 2.711686 4.471631
v -1.499300 2.730000 4.674248
v -1.499300 2.711686 4.876864
v -1.499300 2.657339 5.072913
v -1.499300 2.568720 5.256040
v -1.499300 2.448700 5.420309
v -1.299300 2.301172 5.747324
v -1.299300 2.297806 5.721598
v -1.299300 2.287936 5.697604
v -1.299300 2.272225 5.676957
v -1.299300 2.251731 5.661047
v -1.299300 2.227834 5.650944
v -1.299300 2.202142 5.647329
v -1.299300 2.176385 5.650445
v -1.299300 2.152296 5.660082
v -1.299300 1.965814 5.743397
v -1.299300 1.767381 5.791782
v -1.299300 1.563479 5.803658
v -1.299300 1.360771 5.778634
v -1.299300 1.165878 5.717530
v -1.299300 0.985168 5.622342
v -1.299300 0.824545 5.496179
v -1.299300 0.689257 5.343162
v -1.299300 0.583723 5.168293
v -1.299300 0.511391 4.977282
v -1.299300 0.474624 4.776371
v -1.299300 0.474624 4.572124
v -1.299300 0.511391 4.371214
v -1.299300 0.583723 4.180203
v -1.299300 0.689257 4.005333
v -1.299300 0.824545 3.852317
v -1.299300 0.985168 3.726154
v -1.299300 1.165878 3.630965
v -1.299300 1.360771 3.569861
v -1.299300 1.563479 3.544838
v -1.299300 1.767381 3.556713
v -1.299300 1.965814 3.605099
v -1.299300 2.152296 3.688414
v -1.299300 2.176385 3.698051
v -1.299300 2.202142 3.701167
v -1.299300 2.227834 3.697552
v -1.299300 2.251731 3.687449
v -1.299300 2.272225 3.671539
v -1.299300 2.287936 3.650892
v -1.299300 2.297806 3.626898
v -1.299300 2.301172 3.601172
v 1.374700 2.152296 5.660082
v 1.374700 1.965814 5.743397
v 1.374700 1.767381 5.791782
v 1.374700 1.563479 5.803658
v 1.374700 1.360771 5.778634
v 1.374700 1.165878 5.717530
v 1.374700 0.985168 5.622342
v 1.374700 0.824545 5.496179
v 1.374700 0.689257 5.343162
v 1.374700 0.583723 5.168293
v 1.374700 0.511391 4.977282
v 1.374700 0.474624 4.776371
v 1.374700 0.474624 4.572124
v 1.374700 0.511391 4.371214
v 1.374700 0.583723 4.180203
v 1.374700 0.689257 4.005333
v 1.374700 0.824545 3.852317
v 1.374700 0.985168 3.726154
v 1.374700 1.165878 3.630965
v 1.374700 1.360771 3.569861
v 1.374700 1.563479 3.544838
v 1.374700 1.767381 3.556713
v 1.374700 1.965814 3.605099
v 1.374700 2.152296 3.688414
v 1.374700 2.301172 5.747324
v 1.374700 2.297806 5.721598
v 1.374700 2.287936 5.697604
v 1.374700 2.272225 5.676957
v 1.374700 2.251731 5.661047
v 1.374700 2.227834 5.650944
v 1.374700 2.202142 5.647329
v 1.374700 2.176385 5.650445
v 0.839900 2.297806 5.721598
v 0.305100 2.297806 5.721598
v -0.229700 2.297806 5.721598
v -0.764500 2.297806 5.721598
v 0.839900 2.287936 5.697604
v 0.305100 2.287936 5.697604
v -0.229700 2.287936 5.697604
v -0.764500 2.287936 5.697604
v 0.839900 2.272225 5.676957
v 0.305100 2.272225 5.676957
v -0.229700 2.272225 5.676957
v -0.764500 2.272225 5.676957
v 0.839900 2.251731 5.661047
v 0.305100 2.251731 5.661047
v -0.229700 2.251731 5.661047
v -0.764500 2.251731 5.661047
v 0.839900 2.227834 5.650944
v 0.305100 2.227834 5.650944
v -0.229700 2.227834 5.650944
v -0.764500 2.227834 5.650944
v 0.839900 2.202142 5.647329
v 0.305100 2.202142 5.647329
v -0.229700 2.202142 5.647329
v -0.764500 2.202142 5.647329
v 0.839900 2.176385 5.650445
v 0.305100 2.176385 5.650445
v -0.229700 2.176385 5.650445
v -0.764500 2.176385 5.650445
v -1.499300 2.301172 6.174248
v 1.374700 2.301172 6.174248
v 1.374700 2.301172 3.374248
v 1.374700 2.300000 3.174248
v -1.499300 2.300000 3.174248
v -1.499300 2.301172 3.374248
v 1.374700 2.301172 3.601172
v 1.374700 2.176385 3.698051
v 1.374700 2.202142 3.701167
v 1.374700 2.227834 3.697552
v 1.374700 2.251731 3.687449
v 1.374700 2.272225 3.671539
v 1.374700 2.287936 3.650892
v 1.374700 2.297806 3.626898
v 0.839900 2.176385 3.698051
v 0.305100 2.176385 3.698051
v -0.229700 2.176385 3.698051
v -0.764500 2.176385 3.698051
v 0.839900 2.202142 3.701167
v 0.305100 2.202142 3.701167
v -0.229700 2.202142 3.701167
v -0.764500 2.202142 3.701167
v 0.839900 2.227834 3.697552
v 0.305100 2.227834 3.697552
v -0.229700 2.227834 3.697552
v -0.764500 2.227834 3.697552
v 0.839900 2.251731 3.687449
v 0.305100 2.251731 3.687449
v -0.229700 2.251731 3.687449
v -0.764500 2.251731 3.687449
v 0.839900 2.272225 3.671539
v 0.305100 2.272225 3.671539
v -0.229700 2.272225 3.671539
v -0.764500 2.272225 3.671539
v 0.839900 2.287936 3.650892
v 0.305100 2.287936 3.650892
v -0.229700 2.287936 3.650892
v -0.764500 2.287936 3.650892
v 0.839900 2.297806 3.626898
v 0.305100 2.297806 3.626898
v -0.229700 2.297806 3.626898
v -0.764500 2.297806 3.626898
v 1.374700 0.300000 6.174248
v 1.374700 0.300000 3.174248
v -1.499300 0.300000 3.174248
v -1.499300 0.300000 6.174248
vt -2.894000 -2.793591 0.000000
vt -2.694000 -2.793591 0.000000
vt -2.894000 -2.589873 0.000000
vt -2.694000 -2.589873 0.000000
vt -2.894000 -2.386155 0.000000
vt -2.694000 -2.386155 0.000000
vt -2.894000 -2.182436 0.000000
vt -2.694000 -2.182436 0.000000
vt -2.894000 -1.978718 0.000000
vt -2.694000 -1.978718 0.000000
vt -2.894000 -1.775000 0.000000
vt -2.694000 -1.775000 0.000000
vt -2.894000 -1.571282 0.000000
vt -2.694000 -1.571282 0.000000
vt -2.894000 -1.367563 0.000000
vt -2.694000 -1.367563 0.000000
vt -2.894000 -1.163845 0.000000
vt -2.694000 -1.163845 0.000000
vt -2.894000 -0.960127 0.000000
vt -2.694000 -0.960127 0.000000
vt -2.894000 -0.756408 0.000000
vt -2.694000 -0.756408 0.000000
vt 0.746061 0.848700 0.000000
vt -0.746061 0.848700 0.000000
vt 0.886148 0.701172 0.000000
vt -0.886148 0.701172 0.000000
vt 0.985834 0.552296 0.000000
vt 1.069149 0.365814 0.000000
vt -0.985834 0.552296 0.000000
vt -1.069149 0.365814 0.000000
vt -0.581792 0.968720 0.000000
vt 0.581792 0.968720 0.000000
vt -0.398666 1.057339 0.000000
vt 0.398666 1.057339 0.000000
vt -0.202617 1.111686 0.000000
vt 0.202617 1.111686 0.000000
vt 0.000000 1.130000 0.000000
vt -1.073076 0.701172 0.000000
vt -1.047350 0.697806 0.000000
vt -1.023356 0.687936 0.000000
vt -1.002709 0.672225 0.000000
vt -0.986799 0.651731 0.000000
vt -0.976696 0.627834 0.000000
vt -0.973081 0.602142 0.000000
vt -0.976197 0.576385 0.000000
vt 1.117535 0.167381 0.000000
vt -1.117535 0.167381 0.000000
vt 1.129410 -0.036521 0.000000
vt -1.129410 -0.036521 0.000000
vt 1.104386 -0.239229 0.000000
vt -1.104386 -0.239229 0.000000
vt 1.043282 -0.434122 0.000000
vt -1.043282 -0.434122 0.000000
vt 0.948094 -0.614832 0.000000
vt -0.948094 -0.614832 0.000000
vt 0.821931 -0.775455 0.000000
vt -0.821931 -0.775455 0.000000
vt 0.668915 -0.910743 0.000000
vt -0.668915 -0.910743 0.000000
vt 0.494045 -1.016277 0.000000
vt -0.494045 -1.016277 0.000000
vt 0.303034 -1.088609 0.000000
vt -0.303034 -1.088609 0.000000
vt 0.102124 -1.125376 0.000000
vt -0.102124 -1.125376 0.000000
vt 0.976197 0.576385 0.000000
vt 0.973081 0.602142 0.000000
vt 0.976696 0.627834 0.000000
vt 0.986799 0.651731 0.000000
vt 1.002709 0.672225 0.000000
vt 1.023356 0.687936 0.000000
vt 1.047350 0.697806 0.000000
vt 1.073076 0.701172 0.000000
vt 2.694000 -2.972948 0.000000
vt 0.020000 -2.972948 0.000000
vt 2.694000 -3.177474 0.000000
vt 0.020000 -3.177474 0.000000
vt 2.694000 -3.382000 0.000000
vt 0.020000 -3.382000 0.000000
vt 2.694000 -3.586527 0.000000
vt 0.020000 -3.586527 0.000000
vt 2.694000 -3.791053 0.000000
vt 0.020000 -3.791053 0.000000
vt 2.694000 -3.995579 0.000000
vt 0.020000 -3.995579 0.000000
vt 2.694000 -4.200105 0.000000
vt 0.020000 -4.200105 0.000000
vt 2.694000 -4.404632 0.000000
vt 0.020000 -4.404632 0.000000
vt 2.694000 -4.609158 0.000000
vt 0.020000 -4.609158 0.000000
vt 2.694000 -4.813684 0.000000
vt 0.020000 -4.813684 0.000000
vt 2.694000 -5.018210 0.000000
vt 0.020000 -5.018210 0.000000
vt 2.694000 -5.222736 0.000000
vt 0.020000 -5.222736 0.000000
vt 2.694000 -5.427263 0.000000
vt 0.020000 -5.427263 0.000000
vt 2.694000 -5.631789 0.000000
vt 0.020000 -5.631789 0.000000
vt 2.694000 -5.836315 0.000000
vt 0.020000 -5.836315 0.000000
vt 2.694000 -6.040841 0.000000
vt 0.020000 -6.040841 0.000000
vt 2.694000 -6.245368 0.000000
vt 0.020000 -6.245368 0.000000
vt 2.694000 -6.449894 0.000000
vt 0.020000 -6.449894 0.000000
vt 2.694000 -6.654420 0.000000
vt 0.020000 -6.654420 0.000000
vt 2.694000 -6.858946 0.000000
vt 0.020000 -6.858946 0.000000
vt 2.694000 -7.063472 0.000000
vt 0.020000 -7.063472 0.000000
vt 2.694000 -7.267999 0.000000
vt 0.020000 -7.267999 0.000000
vt 2.694000 -7.472525 0.000000
vt 0.020000 -7.472525 0.000000
vt 2.694000 -7.677051 0.000000
vt 0.020000 -7.677051 0.000000
vt 0.020000 0.078055 0.000000
vt 0.554800 0.078055 0.000000
vt 0.020000 0.104073 0.000000
vt 1.089600 0.078055 0.000000
vt 1.624400 0.078055 0.000000
vt 1.624400 0.052037 0.000000
vt 2.159200 0.052037 0.000000
vt 2.159200 0.026018 0.000000
vt 2.694000 0.026018 0.000000
vt 2.694000 0.000000 0.000000
vt 2.159200 0.000000 0.000000
vt 2.694000 -0.026018 0.000000
vt 2.159200 -0.026018 0.000000
vt 2.694000 -0.052037 0.000000
vt 2.159200 -0.052037 0.000000
vt 2.694000 -0.078055 0.000000
vt 2.159200 -0.078055 0.000000
vt 2.694000 -0.104073 0.000000
vt 1.624400 -0.078055 0.000000
vt 1.089600 -0.078055 0.000000
vt 1.089600 -0.052037 0.000000
vt 0.554800 -0.052037 0.000000
vt 0.554800 -0.026018 0.000000
vt 0.020000 -0.026018 0.000000
vt 0.020000 -0.000000 0.000000
vt 0.554800 0.000000 0.000000
vt 0.020000 0.026018 0.000000
vt 0.554800 0.026018 0.000000
vt 0.020000 0.052037 0.000000
vt 0.554800 0.052037 0.000000
vt 0.020000 -0.052037 0.000000
vt 0.554800 -0.078055 0.000000
vt 0.020000 -0.104073 0.000000
vt 0.020000 -0.078055 0.000000
vt 2.694000 0.052037 0.000000
vt 2.159200 0.078055 0.000000
vt 2.694000 0.104073 0.000000
vt 2.694000 0.078055 0.000000
vt 1.089600 0.052037 0.000000
vt 1.089600 0.026018 0.000000
vt 1.089600 0.000000 0.000000
vt 1.089600 -0.026018 0.000000
vt 1.624400 0.026018 0.000000
vt 1.624400 0.000000 0.000000
vt 1.624400 -0.026018 0.000000
vt 1.624400 -0.052037 0.000000
vt -0.000000 2.894000 0.000000
vt -0.613852 2.894000 0.000000
vt -0.186928 2.694000 0.000000
vt -0.613852 0.020000 0.000000
vt -0.186928 0.020000 0.000000
vt -0.000000 2.694000 0.000000
vt 0.200003 2.774000 0.000000
vt 0.000000 2.774000 0.000000
vt 0.200003 -0.100000 0.000000
vt -0.000000 -0.100000 0.000000
vt 1.959224 0.020000 0.000000
vt 2.186148 0.020000 0.000000
vt 1.959224 2.694000 0.000000
vt 2.186148 2.894000 0.000000
vt 1.772296 2.894000 0.000000
vt 1.772296 2.694000 0.000000
vt -0.020000 -0.078055 0.000000
vt -0.554800 -0.078055 0.000000
vt -0.020000 -0.104073 0.000000
vt -1.089600 -0.078055 0.000000
vt -1.624400 -0.078055 0.000000
vt -1.624400 -0.052037 0.000000
vt -2.159200 -0.052037 0.000000
vt -2.159200 -0.026018 0.000000
vt -2.694000 -0.026018 0.000000
vt -2.694000 0.000000 0.000000
vt -2.159200 0.000000 0.000000
vt -2.694000 0.026018 0.000000
vt -2.159200 0.026018 0.000000
vt -2.694000 0.052037 0.000000
vt -2.159200 0.052037 0.000000
vt -2.694000 0.078055 0.000000
vt -2.159200 0.078055 0.000000
vt -2.694000 0.104073 0.000000
vt -1.624400 0.078055 0.000000
vt -1.089600 0.078055 0.000000
vt -1.089600 0.052037 0.000000
vt -0.554800 0.052037 0.000000
vt -0.554800 0.026018 0.000000
vt -0.020000 0.026018 0.000000
vt -0.020000 0.000000 0.000000
vt -0.554800 0.000000 0.000000
vt -0.020000 -0.026018 0.000000
vt -0.554800 -0.026018 0.000000
vt -0.020000 -0.052037 0.000000
vt -0.554800 -0.052037 0.000000
vt -0.020000 0.052037 0.000000
vt -0.554800 0.078055 0.000000
vt -0.020000 0.104073 0.000000
vt -0.020000 0.078055 0.000000
vt -2.694000 -0.052037 0.000000
vt -2.159200 -0.078055 0.000000
vt -2.694000 -0.104073 0.000000
vt -2.694000 -0.078055 0.000000
vt -1.089600 -0.052037 0.000000
vt -1.089600 -0.026018 0.000000
vt -1.089600 0.000000 0.000000
vt -1.089600 0.026018 0.000000
vt -1.624400 -0.026018 0.000000
vt -1.624400 0.000000 0.000000
vt -1.624400 0.026018 0.000000
vt -1.624400 0.052037 0.000000
vt 2.800000 0.000000 0.000000
vt 2.569149 -0.335358 0.000000
vt 3.000000 -0.001172 0.000000
vt 2.617535 -0.533791 0.000000
vt 2.629410 -0.737693 0.000000
vt 2.485834 -0.148876 0.000000
vt 2.573076 0.000000 0.000000
vt 2.476197 -0.124787 0.000000
vt 2.473081 -0.099030 0.000000
vt 2.476696 -0.073338 0.000000
vt 2.486799 -0.049441 0.000000
vt 2.502709 -0.028947 0.000000
vt 2.523356 -0.013236 0.000000
vt 2.547350 -0.003366 0.000000
vt 3.000000 -2.001172 0.000000
vt 2.604386 -0.940401 0.000000
vt 2.543282 -1.135294 0.000000
vt 2.448094 -1.316004 0.000000
vt 2.321931 -1.476627 0.000000
vt 2.168915 -1.611915 0.000000
vt 1.994045 -1.717449 0.000000
vt 1.803034 -1.789781 0.000000
vt 1.602124 -1.826548 0.000000
vt -0.000000 -2.001172 0.000000
vt 1.397876 -1.826548 0.000000
vt 1.196966 -1.789781 0.000000
vt 1.005955 -1.717449 0.000000
vt 0.831085 -1.611915 0.000000
vt 0.678069 -1.476627 0.000000
vt 0.551906 -1.316004 0.000000
vt 0.456718 -1.135294 0.000000
vt 0.395614 -0.940401 0.000000
vt 0.370590 -0.737693 0.000000
vt 0.000000 0.000000 0.000000
vt 0.382465 -0.533791 0.000000
vt 0.430851 -0.335358 0.000000
vt 0.514166 -0.148876 0.000000
vt 0.426924 0.000000 0.000000
vt 0.523803 -0.124787 0.000000
vt 0.526919 -0.099030 0.000000
vt 0.523304 -0.073338 0.000000
vt 0.513201 -0.049441 0.000000
vt 0.497291 -0.028947 0.000000
vt 0.476644 -0.013236 0.000000
vt 0.452650 -0.003366 0.000000
vt 2.200000 2.774000 0.000000
vt 0.200000 2.774000 0.000000
vt 2.200000 -0.100000 0.000000
vt 0.200000 -0.100000 0.000000
vt 1.500000 -1.300000 0.000000
vt -0.886148 0.701172 0.000000
vt -1.500000 -1.300000 0.000000
vt -1.300000 0.701172 0.000000
vt -1.500000 0.700000 0.000000
vt 1.500000 0.701172 0.000000
vt 0.886148 0.701172 0.000000
vt -0.746061 0.848700 0.000000
vt 0.746061 0.848700 0.000000
vt -0.581792 0.968720 0.000000
vt 0.581792 0.968720 0.000000
vt -0.398666 1.057339 0.000000
vt 0.398666 1.057339 0.000000
vt -0.202617 1.111686 0.000000
vt 0.202617 1.111686 0.000000
vt -0.000000 1.130000 0.000000
vt 2.001172 2.774000 0.000000
vt -0.000000 2.774000 0.000000
vt 2.001172 -0.100000 0.000000
vt -0.000000 -0.100000 0.000000
vt 0.000000 -2.774000 0.000000
vt -0.000000 0.100000 0.000000
vt -3.000000 -2.774000 0.000000
vt -3.000000 0.100000 0.000000
vn 0.000000 0.620506 0.784202
vn 0.000000 0.620506 0.784202
vn 0.000000 0.751062 0.660231
vn 0.000000 0.751062 0.660231
vn 0.000000 0.857274 0.514861
vn 0.000000 0.857274 0.514861
vn 0.000000 0.935698 0.352801
vn 0.000000 0.935698 0.352801
vn 0.000000 0.983793 0.179307
vn 0.000000 0.983793 0.179307
vn -0.000000 1.000000 -0.000000
vn -0.000000 1.000000 -0.000000
vn -0.000000 0.983793 -0.179307
vn -0.000000 0.983793 -0.179307
vn -0.000000 0.935698 -0.352801
vn -0.000000 0.935698 -0.352801
vn -0.000000 0.857274 -0.514861
vn -0.000000 0.857274 -0.514861
vn -0.000000 0.751062 -0.660231
vn -0.000000 0.751062 -0.660231
vn -0.000000 0.620506 -0.784202
vn -0.000000 0.620506 -0.784202
vn 1.000000 -0.000000 -0.000000
vn 1.000000 -0.000000 -0.000000
vn 1.000000 -0.000000 -0.000000
vn 1.000000 -0.000000 -0.000000
vn 1.000000 -0.000000 -0.000000
vn 1.000000 -0.000000 -0.000000
vn 1.000000 -0.000000 -0.000000
vn 1.000000 -0.000000 -0.000000
vn 1.000000 -0.000000 -0.000000
vn 1.000000 -0.000000 -0.000000
vn 1.000000 -0.000000 -0.000000
vn 1.000000 -0.000000 -0.000000
vn 1.000000 -0.000000 -0.000000
vn 1.000000 -0.000000 -0.000000
vn 1.000000 -0.000000 -0.000000
vn 1.000000 -0.000000 -0.000000
vn 1.000000 -0.000000 -0.000000
vn 1.000000 -0.000000 -0.000000
vn 1.000000 -0.000000 -0.000000
vn 1.000000 -0.000000 -0.000000
vn 1.000000 -0.000000 -0.000000
vn 1.000000 -0.000000 -0.000000
vn 1.000000 -0.000000 -0.000000
vn 1.000000 -0.000000 -0.000000
vn 1.000000 -0.000000 -0.000000
vn 1.000000 -0.000000 -0.000000
vn 1.000000 -0.000000 -0.000000
vn 1.000000 -0.000000 -0.000000
vn 1.000000 -0.000000 -0.000000
vn 1.000000 -0.000000 -0.000000
vn 1.000000 -0.000000 -0.000000
vn 1.000000 -0.000000 -0.000000
vn 1.000000 -0.000000 -0.000000
vn 1.000000 -0.000000 -0.000000
vn 1.000000 -0.000000 -0.000000
vn 1.000000 -0.000000 -0.000000
vn 1.000000 -0.000000 -0.000000
vn 1.000000 -0.000000 -0.000000
vn 1.000000 -0.000000 -0.000000
vn 1.000000 -0.000000 -0.000000
vn 1.000000 -0.000000 -0.000000
vn 1.000000 -0.000000 -0.000000
vn 1.000000 -0.000000 -0.000000
vn 1.000000 -0.000000 -0.000000
vn 1.000000 -0.000000 -0.000000
vn 1.000000 -0.000000 -0.000000
vn 1.000000 -0.000000 -0.000000
vn 1.000000 -0.000000 -0.000000
vn 1.000000 -0.000000 -0.000000
vn 1.000000 -0.000000 -0.000000
vn 1.000000 -0.000000 -0.000000
vn -0.000000 -0.488758 -0.872420
vn -0.000000 -0.488758 -0.872420
vn -0.000000 -0.323729 -0.946150
vn -0.000000 -0.323729 -0.946150
vn -0.000000 -0.148125 -0.988969
vn -0.000000 -0.148125 -0.988969
vn -0.000000 0.032319 -0.999478
vn -0.000000 0.032319 -0.999478
vn -0.000000 0.211707 -0.977333
vn -0.000000 0.211707 -0.977333
vn -0.000000 0.384179 -0.923259
vn -0.000000 0.384179 -0.923259
vn -0.000000 0.544099 -0.839021
vn -0.000000 0.544099 -0.839021
vn -0.000000 0.686243 -0.727372
vn -0.000000 0.686243 -0.727372
vn -0.000000 0.805967 -0.591960
vn -0.000000 0.805967 -0.591960
vn -0.000000 0.899361 -0.437208
vn -0.000000 0.899361 -0.437208
vn -0.000000 0.963371 -0.268172
vn -0.000000 0.963371 -0.268172
vn -0.000000 0.995908 -0.090375
vn -0.000000 0.995908 -0.090375
vn 0.000000 0.995908 0.090375
vn 0.000000 0.995908 0.090375
vn 0.000000 0.963371 0.268172
vn 0.000000 0.963371 0.268172
vn 0.000000 0.899361 0.437208
vn 0.000000 0.899361 0.437208
vn 0.000000 0.805967 0.591960
vn 0.000000 0.805967 0.591960
vn 0.000000 0.686243 0.727372
vn 0.000000 0.686243 0.727372
vn 0.000000 0.544099 0.839021
vn 0.000000 0.544099 0.839021
vn 0.000000 0.384179 0.923259
vn 0.000000 0.384179 0.923259
vn 0.000000 0.211707 0.977333
vn 0.000000 0.211707 0.977333
vn 0.000000 0.032319 0.999478
vn 0.000000 0.032319 0.999478
vn 0.000000 -0.148125 0.988969
vn 0.000000 -0.148125 0.988969
vn 0.000000 -0.323729 0.946150
vn 0.000000 -0.323729 0.946150
vn 0.000000 -0.488758 0.872420
vn 0.000000 -0.488758 0.872420
vn -0.000000 0.966343 -0.257257
vn -0.000000 0.966343 -0.257257
vn -0.000000 1.000000 -0.000000
vn -0.000000 0.966343 -0.257257
vn -0.000000 0.966343 -0.257257
vn -0.000000 0.867638 -0.497197
vn -0.000000 0.867638 -0.497197
vn -0.000000 0.710528 -0.703669
vn -0.000000 0.710528 -0.703669
vn -0.000000 0.505590 -0.862774
vn -0.000000 0.505590 -0.862774
vn -0.000000 0.266619 -0.963802
vn -0.000000 0.266619 -0.963802
vn -0.000000 0.009700 -0.999953
vn -0.000000 0.009700 -0.999953
vn -0.000000 -0.247871 -0.968793
vn -0.000000 -0.247871 -0.968793
vn -0.000000 -0.247871 -0.968793
vn -0.000000 -0.247871 -0.968793
vn -0.000000 0.009700 -0.999953
vn -0.000000 0.009700 -0.999953
vn -0.000000 0.266619 -0.963802
vn -0.000000 0.266619 -0.963802
vn -0.000000 0.505590 -0.862774
vn -0.000000 0.505590 -0.862774
vn -0.000000 0.710528 -0.703669
vn -0.000000 0.710528 -0.703669
vn -0.000000 0.867638 -0.497197
vn -0.000000 0.867638 -0.497197
vn -0.000000 0.009700 -0.999953
vn -0.000000 -0.247871 -0.968793
vn -0.000000 -0.247871 -0.968793
vn -0.000000 0.867638 -0.497197
vn -0.000000 0.966343 -0.257257
vn 0.000000 1.000000 0.000000
vn -0.000000 0.966343 -0.257257
vn -0.000000 0.867638 -0.497197
vn -0.000000 0.710528 -0.703669
vn -0.000000 0.505590 -0.862774
vn -0.000000 0.266619 -0.963802
vn -0.000000 0.710528 -0.703669
vn -0.000000 0.505590 -0.862774
vn -0.000000 0.266619 -0.963802
vn -0.000000 0.009700 -0.999953
vn 0.000000 1.000000 0.000000
vn 0.000000 1.000000 0.000000
vn 0.000000 1.000000 0.000000
vn 0.000000 1.000000 0.000000
vn -0.000000 0.999983 -0.005860
vn -0.000000 0.999983 -0.005860
vn -0.000000 0.999983 -0.005860
vn -0.000000 0.999983 -0.005860
vn 0.000000 1.000000 0.000000
vn 0.000000 1.000000 0.000000
vn 0.000000 1.000000 0.000000
vn 0.000000 1.000000 0.000000
vn 0.000000 1.000000 0.000000
vn 0.000000 1.000000 0.000000
vn 0.000000 -0.247871 0.968793
vn 0.000000 -0.247871 0.968793
vn 0.000000 -0.247871 0.968793
vn 0.000000 -0.247871 0.968793
vn 0.000000 0.009700 0.999953
vn 0.000000 0.009700 0.999953
vn 0.000000 0.266619 0.963802
vn 0.000000 0.266619 0.963802
vn 0.000000 0.505590 0.862774
vn 0.000000 0.505590 0.862774
vn 0.000000 0.710528 0.703669
vn 0.000000 0.710528 0.703669
vn 0.000000 0.867638 0.497197
vn 0.000000 0.867638 0.497197
vn 0.000000 0.966343 0.257257
vn 0.000000 0.966343 0.257257
vn 0.000000 0.966343 0.257257
vn 0.000000 0.966343 0.257257
vn 0.000000 0.867638 0.497197
vn 0.000000 0.867638 0.497197
vn 0.000000 0.710528 0.703669
vn 0.000000 0.710528 0.703669
vn 0.000000 0.505590 0.862774
vn 0.000000 0.505590 0.862774
vn 0.000000 0.266619 0.963802
vn 0.000000 0.266619 0.963802
vn 0.000000 0.009700 0.999953
vn 0.000000 0.009700 0.999953
vn 0.000000 0.867638 0.497197
vn 0.000000 0.966343 0.257257
vn 0.000000 0.966343 0.257257
vn 0.000000 0.009700 0.999953
vn 0.000000 -0.247871 0.968793
vn 0.000000 -0.247871 0.968793
vn 0.000000 0.009700 0.999953
vn 0.000000 0.266619 0.963802
vn 0.000000 0.505590 0.862774
vn 0.000000 0.710528 0.703669
vn 0.000000 0.266619 0.963802
vn 0.000000 0.505590 0.862774
vn 0.000000 0.710528 0.703669
vn 0.000000 0.867638 0.497197
vn 1.000000 -0.000000 -0.000000
vn 1.000000 -0.000000 -0.000000
vn 1.000000 -0.000000 -0.000000
vn 1.000000 -0.000000 -0.000000
vn 1.000000 -0.000000 -0.000000
vn 1.000000 -0.000000 -0.000000
vn 1.000000 -0.000000 -0.000000
vn 1.000000 -0.000000 -0.000000
vn 1.000000 -0.000000 -0.000000
vn 1.000000 -0.000000 -0.000000
vn 1.000000 -0.000000 -0.000000
vn 1.000000 -0.000000 -0.000000
vn 1.000000 -0.000000 -0.000000
vn 1.000000 -0.000000 -0.000000
vn 1.000000 -0.000000 -0.000000
vn 1.000000 -0.000000 -0.000000
vn 1.000000 -0.000000 -0.000000
vn 1.000000 -0.000000 -0.000000
vn 1.000000 -0.000000 -0.000000
vn 1.000000 -0.000000 -0.000000
vn 1.000000 -0.000000 -0.000000
vn 1.000000 -0.000000 -0.000000
vn 1.000000 -0.000000 -0.000000
vn 1.000000 -0.000000 -0.000000
vn 1.000000 -0.000000 -0.000000
vn 1.000000 -0.000000 -0.000000
vn 1.000000 -0.000000 -0.000000
vn 1.000000 -0.000000 -0.000000
vn 1.000000 -0.000000 -0.000000
vn 1.000000 -0.000000 -0.000000
vn 1.000000 -0.000000 -0.000000
vn 1.000000 -0.000000 -0.000000
vn 1.000000 -0.000000 -0.000000
vn 1.000000 -0.000000 -0.000000
vn 1.000000 -0.000000 -0.000000
vn 1.000000 -0.000000 -0.000000
vn 1.000000 -0.000000 -0.000000
vn 1.000000 -0.000000 -0.000000
vn 1.000000 -0.000000 -0.000000
vn 1.000000 -0.000000 -0.000000
vn 1.000000 -0.000000 -0.000000
vn 1.000000 -0.000000 -0.000000
vn 1.000000 -0.000000 -0.000000
vn 1.000000 -0.000000 -0.000000
vn 1.000000 -0.000000 -0.000000
vn -0.000000 0.000000 -1.000000
vn -0.000000 0.000000 -1.000000
vn -0.000000 0.000000 -1.000000
vn -0.000000 0.000000 -1.000000
vn -1.000000 0.000000 0.000000
vn -1.000000 0.000000 0.000000
vn -1.000000 0.000000 0.000000
vn -1.000000 0.000000 0.000000
vn -1.000000 0.000000 0.000000
vn -1.000000 0.000000 0.000000
vn -1.000000 0.000000 0.000000
vn -1.000000 0.000000 0.000000
vn -1.000000 0.000000 0.000000
vn -1.000000 0.000000 0.000000
vn -1.000000 0.000000 0.000000
vn -1.000000 0.000000 0.000000
vn -1.000000 0.000000 0.000000
vn -1.000000 0.000000 0.000000
vn -1.000000 0.000000 0.000000
vn -1.000000 0.000000 0.000000
vn 0.000000 -0.000000 1.000000
vn 0.000000 -0.000000 1.000000
vn 0.000000 -0.000000 1.000000
vn 0.000000 -0.000000 1.000000
vn 0.000000 -1.000000 0.000000
vn 0.000000 -1.000000 0.000000
vn 0.000000 -1.000000 0.000000
vn 0.000000 -1.000000 0.000000
f 469/855/831 470/856/832 490/857/833
f 490/857/833 470/856/832 471/858/834
f 490/857/833 471/858/834 489/859/835
f 489/859/835 471/858/834 472/860/836
f 489/859/835 472/860/836 488/861/837
f 488/861/837 472/860/836 473/862/838
f 488/861/837 473/862/838 487/863/839
f 487/863/839 473/862/838 474/864/840
f 487/863/839 474/864/840 486/865/841
f 486/865/841 474/864/840 475/866/842
f 486/865/841 475/866/842 485/867/843
f 485/867/843 475/866/842 476/868/844
f 485/867/843 476/868/844 484/869/845
f 484/869/845 476/868/844 477/870/846
f 484/869/845 477/870/846 483/871/847
f 483/871/847 477/870/846 478/872/848
f 483/871/847 478/872/848 482/873/849
f 482/873/849 478/872/848 479/874/850
f 482/873/849 479/874/850 481/875/851
f 481/875/851 479/874/850 480/876/852
f 479/877/853 471/878/854 480/879/855
f 480/879/855 471/878/854 470/880/856
f 480/879/855 470/880/856 522/881/857
f 522/881/857 470/880/856 521/882/858
f 521/882/858 470/880/856 499/883/859
f 521/882/858 499/883/859 500/884/860
f 471/878/854 479/877/853 472/885/861
f 472/885/861 479/877/853 478/886/862
f 472/885/861 478/886/862 473/887/863
f 473/887/863 478/886/862 477/888/864
f 473/887/863 477/888/864 474/889/865
f 474/889/865 477/888/864 476/890/866
f 474/889/865 476/890/866 475/891/867
f 491/892/868 492/893/869 470/880/856
f 470/880/856 492/893/869 493/894/870
f 470/880/856 493/894/870 494/895/871
f 494/895/871 495/896/872 470/880/856
f 470/880/856 495/896/872 496/897/873
f 470/880/856 496/897/873 497/898/874
f 497/898/874 498/899/875 470/880/856
f 470/880/856 498/899/875 499/883/859
f 521/882/858 500/884/860 520/900/876
f 520/900/876 500/884/860 501/901/877
f 520/900/876 501/901/877 519/902/878
f 519/902/878 501/901/877 502/903/879
f 519/902/878 502/903/879 518/904/880
f 518/904/880 502/903/879 503/905/881
f 518/904/880 503/905/881 517/906/882
f 517/906/882 503/905/881 504/907/883
f 517/906/882 504/907/883 516/908/884
f 516/908/884 504/907/883 505/909/885
f 516/908/884 505/909/885 515/910/886
f 515/910/886 505/909/885 506/911/887
f 515/910/886 506/911/887 514/912/888
f 514/912/888 506/911/887 507/913/889
f 514/912/888 507/913/889 513/914/890
f 513/914/890 507/913/889 508/915/891
f 513/914/890 508/915/891 512/916/892
f 512/916/892 508/915/891 509/917/893
f 512/916/892 509/917/893 511/918/894
f 511/918/894 509/917/893 510/919/895
f 522/881/857 523/920/896 480/879/855
f 480/879/855 523/920/896 524/921/897
f 480/879/855 524/921/897 525/922/898
f 525/922/898 526/923/899 480/879/855
f 480/879/855 526/923/899 527/924/900
f 480/879/855 527/924/900 528/925/901
f 528/925/901 529/926/902 480/879/855
f 480/879/855 529/926/902 530/927/903
f 499/928/904 531/929/905 500/930/906
f 500/930/906 531/929/905 532/931/907
f 500/930/906 532/931/907 501/932/908
f 501/932/908 532/931/907 533/933/909
f 501/932/908 533/933/909 502/934/910
f 502/934/910 533/933/909 534/935/911
f 502/934/910 534/935/911 503/936/912
f 503/936/912 534/935/911 535/937/913
f 503/936/912 535/937/913 504/938/914
f 504/938/914 535/937/913 536/939/915
f 504/938/914 536/939/915 505/940/916
f 505/940/916 536/939/915 537/941/917
f 505/940/916 537/941/917 506/942/918
f 506/942/918 537/941/917 538/943/919
f 506/942/918 538/943/919 507/944/920
f 507/944/920 538/943/919 539/945/921
f 507/944/920 539/945/921 508/946/922
f 508/946/922 539/945/921 540/947/923
f 508/946/922 540/947/923 509/948/924
f 509/948/924 540/947/923 541/949/925
f 509/948/924 541/949/925 510/950/926
f 510/950/926 541/949/925 542/951/927
f 510/950/926 542/951/927 511/952/928
f 511/952/928 542/951/927 543/953/929
f 511/952/928 543/953/929 512/954/930
f 512/954/930 543/953/929 544/955/931
f 512/954/930 544/955/931 513/956/932
f 513/956/932 544/955/931 545/957/933
f 513/956/932 545/957/933 514/958/934
f 514/958/934 545/957/933 546/959/935
f 514/958/934 546/959/935 515/960/936
f 515/960/936 546/959/935 547/961/937
f 515/960/936 547/961/937 516/962/938
f 516/962/938 547/961/937 548/963/939
f 516/962/938 548/963/939 517/964/940
f 517/964/940 548/963/939 549/965/941
f 517/964/940 549/965/941 518/966/942
f 518/966/942 549/965/941 550/967/943
f 518/966/942 550/967/943 519/968/944
f 519/968/944 550/967/943 551/969/945
f 519/968/944 551/969/945 520/970/946
f 520/970/946 551/969/945 552/971/947
f 520/970/946 552/971/947 521/972/948
f 521/972/948 552/971/947 553/973/949
f 521/972/948 553/973/949 522/974/950
f 522/974/950 553/973/949 554/975/951
f 556/976/952 563/977/953 555/978/954
f 555/978/954 563/977/953 564/979/955
f 555/978/954 564/979/955 565/980/956
f 565/980/956 564/979/955 569/981/957
f 565/980/956 569/981/957 570/982/958
f 570/982/958 569/981/957 574/983/959
f 570/982/958 574/983/959 494/984/960
f 494/984/960 574/983/959 495/985/961
f 495/985/961 574/983/959 578/986/962
f 495/985/961 578/986/962 496/987/963
f 496/987/963 578/986/962 582/988/964
f 496/987/963 582/988/964 497/989/965
f 497/989/965 582/988/964 586/990/966
f 497/989/965 586/990/966 498/991/967
f 498/991/967 586/990/966 590/992/968
f 498/991/967 590/992/968 499/993/904
f 499/993/904 590/992/968 589/994/969
f 499/993/904 589/994/969 588/995/970
f 588/995/970 589/994/969 584/996/971
f 588/995/970 584/996/971 583/997/972
f 583/997/972 584/996/971 579/998/973
f 583/997/972 579/998/973 560/999/974
f 560/999/974 579/998/973 559/1000/975
f 559/1000/975 579/998/973 575/1001/976
f 559/1000/975 575/1001/976 558/1002/977
f 558/1002/977 575/1001/976 571/1003/978
f 558/1002/977 571/1003/978 557/1004/979
f 557/1004/979 571/1003/978 567/1005/980
f 557/1004/979 567/1005/980 556/976/952
f 556/976/952 567/1005/980 563/977/953
f 560/999/974 561/1006/981 583/997/972
f 583/997/972 561/1006/981 587/1007/982
f 583/997/972 587/1007/982 588/995/970
f 588/995/970 587/1007/982 531/1008/905
f 588/995/970 531/1008/905 499/993/904
f 561/1006/981 562/1009/983 587/1007/982
f 587/1007/982 562/1009/983 531/1008/905
f 494/984/960 493/1010/984 570/982/958
f 570/982/958 493/1010/984 566/1011/985
f 570/982/958 566/1011/985 565/980/956
f 565/980/956 566/1011/985 491/1012/986
f 565/980/956 491/1012/986 555/978/954
f 493/1010/984 492/1013/987 566/1011/985
f 566/1011/985 492/1013/987 491/1012/986
f 564/979/955 563/977/953 568/1014/988
f 568/1014/988 563/977/953 567/1005/980
f 568/1014/988 567/1005/980 572/1015/989
f 572/1015/989 567/1005/980 571/1003/978
f 572/1015/989 571/1003/978 576/1016/990
f 576/1016/990 571/1003/978 575/1001/976
f 576/1016/990 575/1001/976 580/1017/991
f 580/1017/991 575/1001/976 579/998/973
f 580/1017/991 579/998/973 584/996/971
f 564/979/955 568/1014/988 569/981/957
f 569/981/957 568/1014/988 573/1018/992
f 569/981/957 573/1018/992 574/983/959
f 574/983/959 573/1018/992 578/986/962
f 573/1018/992 568/1014/988 572/1015/989
f 573/1018/992 572/1015/989 577/1019/993
f 577/1019/993 572/1015/989 576/1016/990
f 577/1019/993 576/1016/990 581/1020/994
f 581/1020/994 576/1016/990 580/1017/991
f 581/1020/994 580/1017/991 585/1021/995
f 585/1021/995 580/1017/991 584/996/971
f 585/1021/995 584/996/971 589/994/969
f 582/988/964 578/986/962 577/1019/993
f 577/1019/993 578/986/962 573/1018/992
f 582/988/964 577/1019/993 581/1020/994
f 586/990/966 582/988/964 581/1020/994
f 586/990/966 581/1020/994 585/1021/995
f 590/992/968 586/990/966 585/1021/995
f 590/992/968 585/1021/995 589/994/969
f 469/1022/996 591/1023/997 491/1024/986
f 491/1024/986 591/1023/997 592/1025/998
f 491/1024/986 592/1025/998 555/1026/954
f 491/1024/986 470/1027/999 469/1022/996
f 593/1028/1000 594/1029/1001 596/1030/1002
f 596/1030/1002 594/1029/1001 595/1031/1003
f 597/1032/1004 593/1033/1005 530/1034/1006
f 530/1034/1006 593/1033/1005 596/1035/1007
f 530/1034/1006 596/1035/1007 481/1036/1008
f 481/1036/1008 480/1037/1009 530/1034/1006
f 598/1038/1010 605/1039/1011 554/1040/951
f 554/1040/951 605/1039/1011 606/1041/1012
f 554/1040/951 606/1041/1012 607/1042/1013
f 607/1042/1013 606/1041/1012 611/1043/1014
f 607/1042/1013 611/1043/1014 612/1044/1015
f 612/1044/1015 611/1043/1014 616/1045/1016
f 612/1044/1015 616/1045/1016 525/1046/1017
f 525/1046/1017 616/1045/1016 526/1047/1018
f 526/1047/1018 616/1045/1016 620/1048/1019
f 526/1047/1018 620/1048/1019 527/1049/1020
f 527/1049/1020 620/1048/1019 624/1050/1021
f 527/1049/1020 624/1050/1021 528/1051/1022
f 528/1051/1022 624/1050/1021 628/1052/1023
f 528/1051/1022 628/1052/1023 529/1053/1024
f 529/1053/1024 628/1052/1023 632/1054/1025
f 529/1053/1024 632/1054/1025 530/1055/1006
f 530/1055/1006 632/1054/1025 631/1056/1026
f 530/1055/1006 631/1056/1026 630/1057/1027
f 630/1057/1027 631/1056/1026 626/1058/1028
f 630/1057/1027 626/1058/1028 625/1059/1029
f 625/1059/1029 626/1058/1028 621/1060/1030
f 625/1059/1029 621/1060/1030 602/1061/1031
f 602/1061/1031 621/1060/1030 601/1062/1032
f 601/1062/1032 621/1060/1030 617/1063/1033
f 601/1062/1032 617/1063/1033 600/1064/1034
f 600/1064/1034 617/1063/1033 613/1065/1035
f 600/1064/1034 613/1065/1035 599/1066/1036
f 599/1066/1036 613/1065/1035 609/1067/1037
f 599/1066/1036 609/1067/1037 598/1038/1010
f 598/1038/1010 609/1067/1037 605/1039/1011
f 602/1061/1031 603/1068/1038 625/1059/1029
f 625/1059/1029 603/1068/1038 629/1069/1039
f 625/1059/1029 629/1069/1039 630/1057/1027
f 630/1057/1027 629/1069/1039 597/1070/1004
f 630/1057/1027 597/1070/1004 530/1055/1006
f 603/1068/1038 604/1071/1040 629/1069/1039
f 629/1069/1039 604/1071/1040 597/1070/1004
f 525/1046/1017 524/1072/1041 612/1044/1015
f 612/1044/1015 524/1072/1041 608/1073/1042
f 612/1044/1015 608/1073/1042 607/1042/1013
f 607/1042/1013 608/1073/1042 522/1074/950
f 607/1042/1013 522/1074/950 554/1040/951
f 524/1072/1041 523/1075/1043 608/1073/1042
f 608/1073/1042 523/1075/1043 522/1074/950
f 606/1041/1012 605/1039/1011 610/1076/1044
f 610/1076/1044 605/1039/1011 609/1067/1037
f 610/1076/1044 609/1067/1037 614/1077/1045
f 614/1077/1045 609/1067/1037 613/1065/1035
f 614/1077/1045 613/1065/1035 618/1078/1046
f 618/1078/1046 613/1065/1035 617/1063/1033
f 618/1078/1046 617/1063/1033 622/1079/1047
f 622/1079/1047 617/1063/1033 621/1060/1030
f 622/1079/1047 621/1060/1030 626/1058/1028
f 606/1041/1012 610/1076/1044 611/1043/1014
f 611/1043/1014 610/1076/1044 615/1080/1048
f 611/1043/1014 615/1080/1048 616/1045/1016
f 616/1045/1016 615/1080/1048 620/1048/1019
f 615/1080/1048 610/1076/1044 614/1077/1045
f 615/1080/1048 614/1077/1045 619/1081/1049
f 619/1081/1049 614/1077/1045 618/1078/1046
f 619/1081/1049 618/1078/1046 623/1082/1050
f 623/1082/1050 618/1078/1046 622/1079/1047
f 623/1082/1050 622/1079/1047 627/1083/1051
f 627/1083/1051 622/1079/1047 626/1058/1028
f 627/1083/1051 626/1058/1028 631/1056/1026
f 624/1050/1021 620/1048/1019 619/1081/1049
f 619/1081/1049 620/1048/1019 615/1080/1048
f 624/1050/1021 619/1081/1049 623/1082/1050
f 628/1052/1023 624/1050/1021 623/1082/1050
f 628/1052/1023 623/1082/1050 627/1083/1051
f 632/1054/1025 628/1052/1023 627/1083/1051
f 632/1054/1025 627/1083/1051 631/1056/1026
f 593/1084/1052 553/1085/1053 594/1086/1054
f 594/1086/1054 553/1085/1053 552/1087/1055
f 594/1086/1054 552/1087/1055 551/1088/1056
f 553/1085/1053 593/1084/1052 554/1089/1057
f 554/1089/1057 593/1084/1052 597/1090/1058
f 554/1089/1057 597/1090/1058 598/1091/1059
f 598/1091/1059 597/1090/1058 599/1092/1060
f 599/1092/1060 597/1090/1058 600/1093/1061
f 600/1093/1061 597/1090/1058 601/1094/1062
f 601/1094/1062 597/1090/1058 602/1095/1063
f 602/1095/1063 597/1090/1058 603/1096/1064
f 603/1096/1064 597/1090/1058 604/1097/1065
f 594/1086/1054 551/1088/1056 634/1098/1066
f 634/1098/1066 551/1088/1056 550/1099/1067
f 634/1098/1066 550/1099/1067 549/1100/1068
f 549/1100/1068 548/1101/1069 634/1098/1066
f 634/1098/1066 548/1101/1069 547/1102/1070
f 634/1098/1066 547/1102/1070 546/1103/1071
f 546/1103/1071 545/1104/1072 634/1098/1066
f 634/1098/1066 545/1104/1072 544/1105/1073
f 634/1098/1066 544/1105/1073 543/1106/1074
f 634/1098/1066 543/1106/1074 633/1107/1075
f 633/1107/1075 543/1106/1074 542/1108/1076
f 633/1107/1075 542/1108/1076 541/1109/1077
f 541/1109/1077 540/1110/1078 633/1107/1075
f 633/1107/1075 540/1110/1078 539/1111/1079
f 633/1107/1075 539/1111/1079 538/1112/1080
f 538/1112/1080 537/1113/1081 633/1107/1075
f 633/1107/1075 537/1113/1081 536/1114/1082
f 633/1107/1075 536/1114/1082 535/1115/1083
f 535/1115/1083 534/1116/1084 633/1107/1075
f 633/1107/1075 534/1116/1084 592/1117/1085
f 592/1117/1085 534/1116/1084 533/1118/1086
f 592/1117/1085 533/1118/1086 532/1119/1087
f 532/1119/1087 531/1120/1088 592/1117/1085
f 592/1117/1085 531/1120/1088 555/1121/1089
f 555/1121/1089 531/1120/1088 562/1122/1090
f 555/1121/1089 562/1122/1090 561/1123/1091
f 561/1123/1091 560/1124/1092 555/1121/1089
f 555/1121/1089 560/1124/1092 559/1125/1093
f 555/1121/1089 559/1125/1093 558/1126/1094
f 558/1126/1094 557/1127/1095 555/1121/1089
f 555/1121/1089 557/1127/1095 556/1128/1096
f 594/1129/1097 634/1130/1098 595/1131/1099
f 595/1131/1099 634/1130/1098 635/1132/1100
f 636/1133/1101 481/1134/1102 635/1135/1103
f 635/1135/1103 481/1134/1102 596/1136/1104
f 635/1135/1103 596/1136/1104 595/1137/1105
f 591/1138/1106 469/1139/1107 636/1133/1101
f 636/1133/1101 469/1139/1107 481/1134/1102
f 481/1134/1102 469/1139/1107 482/1140/1108
f 482/1140/1108 469/1139/1107 490/1141/1109
f 482/1140/1108 490/1141/1109 483/1142/1110
f 483/1142/1110 490/1141/1109 489/1143/1111
f 483/1142/1110 489/1143/1111 484/1144/1112
f 484/1144/1112 489/1143/1111 488/1145/1113
f 484/1144/1112 488/1145/1113 485/1146/1114
f 485/1146/1114 488/1145/1113 487/1147/1115
f 485/1146/1114 487/1147/1115 486/1148/1116
f 633/1149/1117 592/1150/1118 636/1151/1119
f 636/1151/1119 592/1150/1118 591/1152/1120
f 633/1153/1121 636/1154/1122 634/1155/1123
f 634/1155/1123 636/1154/1122 635/1156/1124
g Body96

v -5.570789 -0.253600 6.324200
v -5.570789 -0.253600 -0.124200
v -4.618297 -0.921256 -0.124200
v -4.618297 -0.921256 6.324200
v -4.861304 -0.253600 -0.124200
v -4.861304 -0.253600 6.324200
v -4.856503 -0.253600 6.324200
v -3.904011 -0.921256 6.324200
v -4.147018 -0.253600 6.324200
v -4.142218 -0.253600 6.324200
v -3.189726 -0.921256 6.324200
v -3.432733 -0.253600 6.324200
v -3.427932 -0.253600 6.324200
v -2.475440 -0.921256 6.324200
v -2.718447 -0.253600 6.324200
v -2.713264 -0.253600 6.324200
v -2.713264 -0.253868 6.324200
v -1.761154 -0.921256 6.324200
v -2.004161 -0.253600 6.324200
v -1.999361 -0.253600 6.324200
v -1.046869 -0.921256 6.324200
v -1.289875 -0.253600 6.324200
v -1.285075 -0.253600 6.324200
v -0.332583 -0.921256 6.324200
v -0.575590 -0.253600 6.324200
v -0.570789 -0.253600 6.324200
v 0.381703 -0.921256 6.324200
v 0.138696 -0.253600 6.324200
v 0.420918 -0.253600 6.324200
v 0.420947 -0.253571 6.324200
v 0.420947 -0.250000 6.324200
v 0.424518 -0.250000 6.324200
v 0.420947 -0.253600 6.324200
v 0.721787 -0.253600 6.324200
v 0.721787 -0.250000 6.324200
v 0.721766 -0.250000 6.324200
v 0.721766 0.300000 6.324200
v -5.576911 0.300000 6.324200
v -5.576911 -0.253600 6.324200
v -4.856503 -0.253600 -0.124200
v -3.904011 -0.921256 -0.124200
v -4.147018 -0.253600 -0.124200
v -4.142218 -0.253600 -0.124200
v -3.189726 -0.921256 -0.124200
v -3.432733 -0.253600 -0.124200
v -3.427932 -0.253600 -0.124200
v -2.475440 -0.921256 -0.124200
v -2.718447 -0.253600 -0.124200
v -2.713264 -0.253600 -0.124200
v -2.713264 -0.253868 -0.124200
v -2.004161 -0.253600 -0.124200
v -1.761154 -0.921256 -0.124200
v -1.999361 -0.253600 -0.124200
v -1.046869 -0.921256 -0.124200
v -1.289875 -0.253600 -0.124200
v -1.285075 -0.253600 -0.124200
v -5.576911 -0.253600 -0.124200
v -5.576911 0.300000 -0.124200
v 0.721766 0.300000 -0.124200
v 0.721766 -0.250000 -0.124200
v 0.721787 -0.250000 -0.124200
v 0.721787 -0.253600 -0.124200
v 0.420947 -0.253600 -0.124200
v 0.420947 -0.253571 -0.124200
v 0.424518 -0.250000 -0.124200
v 0.420947 -0.250000 -0.124200
v 0.420918 -0.253600 -0.124200
v 0.138696 -0.253600 -0.124200
v 0.381703 -0.921256 -0.124200
v -0.570789 -0.253600 -0.124200
v -0.575590 -0.253600 -0.124200
v -0.332583 -0.921256 -0.124200
v 2.077634 -0.607980 6.324200
v 2.067987 -0.607776 6.324200
v 1.559199 -0.251137 3.438718
v 1.568555 -0.251137 3.437068
v 1.568555 -0.250000 3.437068
v 1.559199 -0.250000 3.438718
v 2.281553 -0.253600 -0.124200
v 2.281553 -0.253600 6.324200
v 2.524560 -0.921256 6.324200
v 2.524560 -0.921256 -0.124200
v 1.568555 -0.251137 2.762932
v 2.077634 -0.607980 -0.124200
v 1.568555 -0.250000 2.762932
v 2.067987 0.300000 6.324200
v 2.286354 -0.253600 6.324200
v 3.238846 -0.921256 6.324200
v 2.995839 -0.253600 6.324200
v 3.000639 -0.253600 6.324200
v 3.953131 -0.921256 6.324200
v 3.710125 -0.253600 6.324200
v 3.714925 -0.253600 6.324200
v 4.667417 -0.921256 6.324200
v 4.423100 -0.250000 6.324200
v 4.423100 0.300000 6.324200
v 3.004410 -0.253600 6.324200
v 3.005479 -0.256537 6.324200
v 3.001289 -0.253600 6.324200
v 2.067987 -0.253600 -0.069492
v 2.067987 -0.250000 -0.069492
v 2.067987 -0.250000 -0.124200
v 2.067987 -0.253600 -0.124200
v 2.286354 -0.253600 -0.124200
v 3.238846 -0.921256 -0.124200
v 2.995839 -0.253600 -0.124200
v 3.000639 -0.253600 -0.124200
v 3.004410 -0.253600 -0.124200
v 3.005479 -0.256537 -0.124200
v 3.001289 -0.253600 -0.124200
v 3.710125 -0.253600 -0.124200
v 3.953131 -0.921256 -0.124200
v 3.714925 -0.253600 -0.124200
v 2.077634 -0.253600 -0.124200
v 2.077634 -0.250000 -0.124200
v 2.077634 0.300000 -0.124200
v 4.423100 0.300000 -0.124200
v 4.423100 -0.250000 -0.124200
v 4.667417 -0.921256 -0.124200
v 0.721787 -0.250000 -0.124080
v 0.721787 -0.250000 6.324080
v 1.666561 -0.250000 4.047601
v 1.123999 -0.250000 4.043023
v 1.123417 -0.250000 2.153673
v 1.675983 -0.250000 2.153673
v 1.519700 -0.250000 3.160000
v 1.519700 -0.250000 3.158536
v 1.519694 -0.250000 3.160001
v 1.519194 -0.250000 3.159999
v 1.519209 -0.250000 3.160087
v 1.279700 -0.250000 3.040000
v 1.279700 -0.250000 3.158989
v 1.280206 -0.250000 3.038990
v 1.279521 -0.250000 3.038987
v 1.666561 0.300000 4.047601
v 1.675983 0.300000 2.153673
v 1.519700 0.300000 2.153673
v 1.519700 0.300000 4.046362
v 1.519700 -0.050000 3.158536
v 1.519700 -0.050000 2.153673
v 1.279700 -0.050000 2.153673
v 1.279700 -0.050000 3.038988
v 1.280206 -0.050000 3.038990
v 1.279700 -0.050000 3.158989
v 1.279700 -0.050000 4.044337
v 1.519700 -0.050000 4.046362
v 1.519700 -0.050000 3.160000
v 1.519694 -0.050000 3.160001
v 1.519209 -0.050000 3.160087
v 1.519194 -0.050000 3.159999
v 1.279700 0.300000 2.153673
v 1.279700 0.300000 4.044337
v 1.279700 -0.050000 3.040000
v 1.279521 -0.050000 3.038987
v 1.123417 0.300000 2.153673
v 1.123999 0.300000 4.043023
vt 0.006272 -0.000000 0.000000
vt 1.169459 0.000000 0.000000
vt 0.006272 6.448400 0.000000
vt 1.169459 6.448400 0.000000
vt 0.710504 6.448400 0.000000
vt 0.000000 6.448400 0.000000
vt 0.710504 -0.000000 0.000000
vt 0.000000 0.000000 0.000000
vt -0.671256 1.228087 0.000000
vt -0.003600 1.471093 0.000000
vt -0.003600 2.180578 0.000000
vt 0.550000 2.186700 0.000000
vt -0.003600 2.186700 0.000000
vt -0.003600 1.466293 0.000000
vt -0.003600 0.756808 0.000000
vt -0.003600 0.752007 0.000000
vt -0.671256 0.513801 0.000000
vt -0.671256 -0.200485 0.000000
vt -0.003600 0.042522 0.000000
vt -0.003600 0.037721 0.000000
vt -0.003600 -0.671764 0.000000
vt -0.003600 -0.676947 0.000000
vt -0.671256 -0.914771 0.000000
vt -0.003868 -0.676947 0.000000
vt -0.003600 -1.386049 0.000000
vt 0.550000 -4.111977 0.000000
vt -0.671256 -1.629056 0.000000
vt -0.003600 -1.390850 0.000000
vt -0.003600 -2.100335 0.000000
vt -0.003600 -2.105136 0.000000
vt -0.671256 -2.343342 0.000000
vt -0.671256 -3.057628 0.000000
vt -0.003600 -2.814621 0.000000
vt -0.003600 -2.819422 0.000000
vt -0.003600 -3.528907 0.000000
vt 0.000000 -3.811157 0.000000
vt -0.003600 -3.811129 0.000000
vt -0.003571 -3.811157 0.000000
vt -0.671256 -3.771913 0.000000
vt 0.000000 -3.814729 0.000000
vt 0.000000 -4.111977 0.000000
vt -0.003600 -4.111998 0.000000
vt 0.000000 -4.111998 0.000000
vt -0.003600 -3.811157 0.000000
vt -3.224200 -4.284399 0.000000
vt 3.224200 -4.284399 0.000000
vt -3.224200 -4.279598 0.000000
vt 3.224200 -4.279598 0.000000
vt 0.006272 -0.000000 0.000000
vt 1.169459 0.000000 0.000000
vt 0.006272 6.448400 0.000000
vt 1.169459 6.448400 0.000000
vt 0.710504 6.448400 0.000000
vt 0.000000 6.448400 0.000000
vt 0.710504 -0.000000 0.000000
vt 0.000000 0.000000 0.000000
vt -3.224200 -3.570113 0.000000
vt 3.224200 -3.570113 0.000000
vt -3.224200 -3.565312 0.000000
vt 3.224200 -3.565312 0.000000
vt 0.006272 -0.000000 0.000000
vt 1.169459 0.000000 0.000000
vt 0.006272 6.448400 0.000000
vt 1.169459 6.448400 0.000000
vt 0.710504 6.448400 0.000000
vt 0.000000 6.448400 0.000000
vt 0.710504 -0.000000 0.000000
vt 0.000000 0.000000 0.000000
vt -3.224200 -2.855827 0.000000
vt 3.224200 -2.855827 0.000000
vt -3.224200 -2.851027 0.000000
vt 3.224200 -2.851027 0.000000
vt 0.006272 -0.000000 0.000000
vt 1.169459 0.000000 0.000000
vt 0.006272 6.448400 0.000000
vt 1.169459 6.448400 0.000000
vt 0.710504 6.448400 0.000000
vt 0.000000 6.448400 0.000000
vt 0.710504 -0.000000 0.000000
vt 0.000000 0.000000 0.000000
vt -3.224200 -2.141542 0.000000
vt 3.224200 -2.141542 0.000000
vt -3.224200 -2.136358 0.000000
vt 3.224200 -2.136358 0.000000
vt 0.003600 0.000000 0.000000
vt 0.003868 0.000000 0.000000
vt 0.003600 6.448400 0.000000
vt 0.003868 6.448400 0.000000
vt 0.710504 6.448400 0.000000
vt 0.000000 6.448400 0.000000
vt 0.710504 0.000000 0.000000
vt 0.000000 0.000000 0.000000
vt 0.000000 0.000000 0.000000
vt 1.162720 0.000000 0.000000
vt 0.000000 6.448400 0.000000
vt 1.162720 6.448400 0.000000
vt -3.224200 -1.427256 0.000000
vt 3.224200 -1.427256 0.000000
vt -3.224200 -1.422455 0.000000
vt 3.224200 -1.422455 0.000000
vt 0.000326 0.000000 0.000000
vt 1.163513 0.000000 0.000000
vt 0.000326 6.448400 0.000000
vt 1.163513 6.448400 0.000000
vt 0.710504 6.448400 0.000000
vt 0.000000 6.448400 0.000000
vt 0.710504 0.000000 0.000000
vt 0.000000 0.000000 0.000000
vt -3.224200 -0.712970 0.000000
vt 3.224200 -0.712970 0.000000
vt -3.224200 -0.708169 0.000000
vt 3.224200 -0.708169 0.000000
vt 0.553600 2.186700 0.000000
vt 0.000000 2.186700 0.000000
vt 0.553600 2.180578 0.000000
vt 0.553600 1.471093 0.000000
vt 1.221256 1.228087 0.000000
vt 0.000000 -4.111977 0.000000
vt 0.553600 -0.676947 0.000000
vt 0.553600 -0.671764 0.000000
vt 0.553600 0.037721 0.000000
vt 1.221256 -0.914771 0.000000
vt 0.550000 -4.111977 0.000000
vt 0.550000 -3.814729 0.000000
vt 0.550000 -3.811157 0.000000
vt 0.553600 -3.528907 0.000000
vt 0.553600 -3.811129 0.000000
vt 0.553571 -3.811157 0.000000
vt 0.550000 -4.111998 0.000000
vt 0.553600 -4.111998 0.000000
vt 0.553600 -3.811157 0.000000
vt 1.221256 -3.771913 0.000000
vt 0.553600 -2.819422 0.000000
vt 0.553600 -2.814621 0.000000
vt 0.553600 -2.105136 0.000000
vt 0.553600 -2.100335 0.000000
vt 1.221256 -3.057628 0.000000
vt 1.221256 -2.343342 0.000000
vt 0.553600 -1.390850 0.000000
vt 0.553600 -1.386049 0.000000
vt 1.221256 -1.629056 0.000000
vt 0.553868 -0.676947 0.000000
vt 0.553600 0.042522 0.000000
vt 0.553600 0.752007 0.000000
vt 0.553600 0.756808 0.000000
vt 1.221256 -0.200485 0.000000
vt 1.221256 0.513801 0.000000
vt 0.553600 1.466293 0.000000
vt 0.001119 0.000000 0.000000
vt 1.164306 0.000000 0.000000
vt 0.001119 6.448400 0.000000
vt 1.164306 6.448400 0.000000
vt 0.710504 6.448400 0.000000
vt 0.000000 6.448400 0.000000
vt 0.710504 0.000000 0.000000
vt 0.000000 0.000000 0.000000
vt -3.224200 0.001316 0.000000
vt 3.224200 0.001316 0.000000
vt -3.224200 0.006116 0.000000
vt 3.224200 0.006116 0.000000
vt 0.006272 0.000000 0.000000
vt 1.169459 0.000000 0.000000
vt 0.006272 6.448400 0.000000
vt 1.169459 6.448400 0.000000
vt 0.710504 6.448400 0.000000
vt 0.000000 6.448400 0.000000
vt 0.710504 0.000000 0.000000
vt 0.000000 0.000000 0.000000
vt -3.224200 0.715601 0.000000
vt 3.224200 0.715601 0.000000
vt -3.224200 0.997823 0.000000
vt 3.224200 0.997823 0.000000
vt 2.953308 0.000000 0.000000
vt 2.951621 0.009500 0.000000
vt -0.000000 0.000000 0.000000
vt -0.000000 0.009500 0.000000
vt -0.000000 0.000000 0.000000
vt 0.001137 0.000000 0.000000
vt 0.000000 0.009500 0.000000
vt 0.001137 0.009500 0.000000
vt 0.710504 6.448400 0.000000
vt 0.000000 6.448400 0.000000
vt 0.710504 0.000000 0.000000
vt 0.000000 0.000000 0.000000
vt 1.167478 6.448400 0.000000
vt 0.621690 6.448400 0.000000
vt 1.167478 0.000000 0.000000
vt 0.621690 -0.000000 0.000000
vt 0.000000 2.887132 0.000000
vt 0.000000 3.561268 0.000000
vt 0.001137 3.561268 0.000000
vt 0.000000 3.561268 0.000000
vt 0.001137 2.887132 0.000000
vt 0.000000 2.887132 0.000000
vt -0.357776 -5.458198 0.000000
vt -0.003600 -5.671764 0.000000
vt 0.550000 -5.458198 0.000000
vt -0.003600 -5.676564 0.000000
vt -0.003600 -6.386049 0.000000
vt -0.671256 -6.629056 0.000000
vt -0.357980 -5.467844 0.000000
vt -0.671256 -5.914771 0.000000
vt -0.003600 -6.390850 0.000000
vt -0.003600 -6.391499 0.000000
vt -0.003600 -6.394621 0.000000
vt -0.006537 -6.395690 0.000000
vt -0.671256 -7.343342 0.000000
vt -0.003600 -7.100335 0.000000
vt -0.003600 -7.105136 0.000000
vt 0.550000 -7.813311 0.000000
vt -0.671256 -8.057628 0.000000
vt 0.000000 -7.813311 0.000000
vt -0.003600 6.393692 0.000000
vt -0.000000 6.393692 0.000000
vt -0.003600 6.448400 0.000000
vt -0.000000 6.448400 0.000000
vt -3.224200 2.858458 0.000000
vt 3.224200 2.858458 0.000000
vt -3.224200 2.863259 0.000000
vt 3.224200 2.863259 0.000000
vt 0.005084 0.000000 0.000000
vt 1.168271 0.000000 0.000000
vt 0.005084 6.448400 0.000000
vt 1.168271 6.448400 0.000000
vt 0.710504 6.448400 0.000000
vt 0.000000 6.448400 0.000000
vt 0.710504 0.000000 0.000000
vt 0.000000 0.000000 0.000000
vt -3.224200 3.572744 0.000000
vt 3.224200 3.572744 0.000000
vt -3.224200 3.577545 0.000000
vt 3.224200 3.577545 0.000000
vt 0.003831 -0.000000 0.000000
vt 0.006957 0.000000 0.000000
vt 0.003831 6.448400 0.000000
vt 0.006957 6.448400 0.000000
vt 0.005118 6.448400 0.000000
vt -0.000000 6.448400 0.000000
vt 0.005118 -0.000000 0.000000
vt -0.000000 0.000000 0.000000
vt 0.710504 6.448400 0.000000
vt 0.000000 6.448400 0.000000
vt 0.710504 0.000000 0.000000
vt 0.000000 0.000000 0.000000
vt 0.005877 -0.000000 0.000000
vt 1.169064 0.000000 0.000000
vt 0.005877 6.448400 0.000000
vt 1.169064 6.448400 0.000000
vt -3.224200 4.287030 0.000000
vt 3.224200 4.287030 0.000000
vt -3.224200 4.291831 0.000000
vt 3.224200 4.291831 0.000000
vt 0.553600 -6.391499 0.000000
vt 0.000000 -5.467844 0.000000
vt 0.553600 -6.394621 0.000000
vt 0.000000 -7.813311 0.000000
vt 0.553600 -7.100335 0.000000
vt 0.553600 -7.105136 0.000000
vt 0.550000 -7.813311 0.000000
vt 1.221256 -8.057628 0.000000
vt 0.553600 -6.390850 0.000000
vt 0.556537 -6.395690 0.000000
vt 1.221256 -7.343342 0.000000
vt 0.553600 -5.458198 0.000000
vt 0.550000 -5.458198 0.000000
vt 0.553600 -5.467844 0.000000
vt 0.550000 -5.467844 0.000000
vt 0.553600 -5.671764 0.000000
vt 0.553600 -5.676564 0.000000
vt 0.553600 -6.386049 0.000000
vt 1.221256 -6.629056 0.000000
vt 1.221256 -5.914771 0.000000
vt 0.907980 -5.467844 0.000000
vt 0.006272 0.000000 0.000000
vt 1.169459 0.000000 0.000000
vt 0.006272 6.448400 0.000000
vt 1.169459 6.448400 0.000000
vt 0.000000 0.000000 0.000000
vt 0.714335 0.000000 0.000000
vt 0.000000 6.448400 0.000000
vt 0.714335 6.448400 0.000000
vt 3.224200 1.298693 0.000000
vt -3.224200 1.298693 0.000000
vt 3.224200 0.997852 0.000000
vt -3.224200 0.997852 0.000000
vt 3.224200 2.654539 0.000000
vt 3.169492 2.644893 0.000000
vt 3.224200 2.644893 0.000000
vt 3.224200 -4.993884 0.000000
vt -3.224200 -4.993884 0.000000
vt 3.224200 -5.000005 0.000000
vt -3.224200 -5.000005 0.000000
vt 3.224200 3.581316 0.000000
vt -3.224200 3.581316 0.000000
vt 3.224200 3.578194 0.000000
vt -3.224200 3.578194 0.000000
vt 0.000029 6.448400 0.000000
vt 0.000000 6.448400 0.000000
vt 0.000029 0.000000 0.000000
vt 0.000000 0.000000 0.000000
vt 0.942432 0.000000 0.000000
vt 0.942472 0.000000 0.000000
vt 0.942432 6.448400 0.000000
vt 0.942472 6.448400 0.000000
vt -0.981944 6.448400 0.000000
vt -0.985544 6.448280 0.000000
vt -0.981944 0.000000 0.000000
vt -0.985544 0.000120 0.000000
vt -0.985544 0.000000 0.000000
vt -0.985544 6.448400 0.000000
vt 0.365588 0.000120 0.000000
vt 0.365588 0.000000 0.000000
vt 0.365609 0.000000 0.000000
vt 0.352245 0.000000 0.000000
vt 0.352245 0.054708 0.000000
vt 0.342598 0.000000 0.000000
vt 0.365588 6.448400 0.000000
vt 0.365588 6.448280 0.000000
vt 0.365609 6.448400 0.000000
vt -0.000000 0.000000 0.000000
vt 0.005051 0.000000 0.000000
vt -0.000000 6.448400 0.000000
vt 0.005051 6.448400 0.000000
vt 0.000000 0.000000 0.000000
vt 0.003571 0.000000 0.000000
vt 0.000000 6.448400 0.000000
vt 0.003571 6.448400 0.000000
vt 3.143300 6.448400 0.000000
vt 3.139729 6.448400 0.000000
vt 3.143300 -0.000000 0.000000
vt 3.139729 -0.000000 0.000000
vt 4.385343 4.171801 0.000000
vt 3.842781 4.167223 0.000000
vt 4.277981 3.562918 0.000000
vt 3.998482 3.283189 0.000000
vt 4.237991 3.284287 0.000000
vt 4.237976 3.284199 0.000000
vt 3.998988 3.163190 0.000000
vt 4.287337 2.887132 0.000000
vt 3.842199 2.277873 0.000000
vt 4.394765 2.277873 0.000000
vt 3.440569 6.448280 0.000000
vt 3.998303 3.163187 0.000000
vt 3.998482 3.164200 0.000000
vt 3.440569 0.000120 0.000000
vt 4.238482 3.282736 0.000000
vt 4.287337 3.561268 0.000000
vt 4.238476 3.284201 0.000000
vt 4.238482 3.284200 0.000000
vt 0.281342 -0.551137 0.000000
vt 3.211338 -0.907776 0.000000
vt 0.899618 -0.550000 0.000000
vt 3.211338 0.000000 0.000000
vt 0.899618 0.000000 0.000000
vt 0.281342 -0.550000 0.000000
vt 3.224200 2.522734 0.000000
vt 3.224200 4.877847 0.000000
vt 0.947601 2.121308 0.000000
vt -0.946327 2.130730 0.000000
vt -0.946327 1.974447 0.000000
vt -3.224200 4.877847 0.000000
vt -3.224200 2.532381 0.000000
vt 0.946362 1.974447 0.000000
vt 0.240006 3.284201 0.000000
vt 0.240000 3.282736 0.000000
vt 0.240506 3.284199 0.000000
vt 0.240000 2.277873 0.000000
vt 0.479494 3.163190 0.000000
vt 0.480000 2.277873 0.000000
vt 0.480000 3.163188 0.000000
vt 0.480000 3.283189 0.000000
vt 0.480000 4.168537 0.000000
vt 0.240000 4.170562 0.000000
vt 0.240000 3.284200 0.000000
vt 0.240491 3.284287 0.000000
vt 0.000000 0.000000 0.000000
vt -1.004337 0.350000 0.000000
vt -1.890664 0.000000 0.000000
vt -1.005349 0.350000 0.000000
vt -1.890664 0.350000 0.000000
vt -0.000000 0.350000 0.000000
vt -0.885348 0.350000 0.000000
vt -0.885348 0.550000 0.000000
vt -1.004337 0.550000 0.000000
vt 0.000000 0.350000 0.000000
vt 0.000089 0.350000 0.000000
vt 0.000000 0.550000 0.000000
vt 0.000089 0.550000 0.000000
vt 0.350000 0.000006 0.000000
vt 0.550000 0.000006 0.000000
vt 0.350000 0.000499 0.000000
vt 0.550000 0.000499 0.000000
vt 0.350000 0.000500 0.000000
vt 0.350000 0.000000 0.000000
vt 0.550000 0.000500 0.000000
vt 0.550000 0.000000 0.000000
vt 0.000506 0.120000 0.000000
vt 0.000502 0.118988 0.000000
vt 0.000685 0.120000 0.000000
vt -0.467576 3.282736 0.000000
vt -0.667576 3.284200 0.000000
vt -0.667576 3.282736 0.000000
vt -1.017576 4.170562 0.000000
vt -1.017576 2.277873 0.000000
vt -0.467576 3.284200 0.000000
vt -0.667576 4.170562 0.000000
vt -0.667576 2.277873 0.000000
vt 0.001465 -0.350000 0.000000
vt -0.000000 -0.350000 0.000000
vt 0.001465 -0.550000 0.000000
vt 0.000000 -0.550000 0.000000
vt 0.944337 1.734447 0.000000
vt -0.946327 1.734447 0.000000
vt 0.943023 1.578746 0.000000
vt -0.946327 1.578163 0.000000
vt -3.224200 -5.122164 0.000000
vt -3.224200 1.176513 0.000000
vt 3.224200 -5.122164 0.000000
vt 3.224200 1.176513 0.000000
vt 0.350000 0.000000 0.000000
vt 0.550000 0.000000 0.000000
vt 0.350000 0.000006 0.000000
vt 0.550000 0.000006 0.000000
vt 0.000000 0.000000 0.000000
vt 0.200000 0.000000 0.000000
vt 0.000000 0.120000 0.000000
vt 0.200000 0.120000 0.000000
vt 0.239496 0.350000 0.000000
vt 0.240002 0.350000 0.000000
vt 0.239496 0.550000 0.000000
vt 0.240181 0.550000 0.000000
vt 0.240181 0.350000 0.000000
vt -2.316367 0.550000 0.000000
vt -2.316367 -0.000000 0.000000
vt -0.000122 0.550000 0.000000
vt -0.000000 0.000000 0.000000
vt -0.000000 0.550000 0.000000
vt 0.000000 0.550000 0.000000
vt -0.055552 0.550000 0.000000
vt -0.000000 0.000000 0.000000
vt -2.313013 -0.000000 0.000000
vt -2.313013 0.550000 0.000000
vt -0.055552 0.553600 0.000000
vt -0.000000 0.907980 0.000000
vt -0.000000 0.553600 0.000000
vt -2.931671 0.551137 0.000000
vt -2.931671 0.550000 0.000000
vt -0.001029 0.350000 0.000000
vt 0.000000 0.350000 0.000000
vt -0.001029 0.550000 0.000000
vt 0.000000 0.550000 0.000000
vt -0.900000 0.550000 0.000000
vt -3.212891 0.550000 0.000000
vt -0.900000 0.000000 0.000000
vt -3.213013 0.000000 0.000000
vt -3.213013 0.550000 0.000000
vt 0.450614 -0.000000 0.000000
vt 0.606897 0.000000 0.000000
vt 0.450614 0.350000 0.000000
vt 0.606897 0.550000 0.000000
vt 0.054330 0.550000 0.000000
vt 0.210614 0.350000 0.000000
vt 0.054330 0.000000 0.000000
vt 0.210614 -0.000000 0.000000
vt 0.388308 -0.000000 0.000000
vt 0.544015 0.000000 0.000000
vt 0.388308 0.350000 0.000000
vt 0.544015 0.550000 0.000000
vt 0.001433 0.550000 0.000000
vt 0.148300 0.350000 0.000000
vt 0.001433 0.000000 0.000000
vt 0.148300 -0.000000 0.000000
vt -3.248400 -0.003600 0.000000
vt 3.200000 -0.003600 0.000000
vt -3.248400 0.550000 0.000000
vt 3.200000 0.550000 0.000000
vt 0.000000 0.000000 0.000000
vt 0.550000 0.000000 0.000000
vt 0.000000 6.448400 0.000000
vt 0.550000 6.448400 0.000000
vn -0.573988 -0.818864 0.000000
vn -0.573988 -0.818864 0.000000
vn -0.573988 -0.818864 0.000000
vn -0.573988 -0.818864 0.000000
vn 0.939693 0.342020 -0.000000
vn 0.939693 0.342020 -0.000000
vn 0.939693 0.342020 -0.000000
vn 0.939693 0.342020 -0.000000
vn 0.000000 0.000000 1.000000
vn 0.000000 0.000000 1.000000
vn 0.000000 0.000000 1.000000
vn 0.000000 0.000000 1.000000
vn 0.000000 0.000000 1.000000
vn 0.000000 0.000000 1.000000
vn 0.000000 0.000000 1.000000
vn 0.000000 0.000000 1.000000
vn 0.000000 0.000000 1.000000
vn 0.000000 0.000000 1.000000
vn 0.000000 0.000000 1.000000
vn 0.000000 0.000000 1.000000
vn 0.000000 0.000000 1.000000
vn 0.000000 0.000000 1.000000
vn 0.000000 0.000000 1.000000
vn 0.000000 0.000000 1.000000
vn 0.000000 0.000000 1.000000
vn 0.000000 0.000000 1.000000
vn 0.000000 0.000000 1.000000
vn 0.000000 0.000000 1.000000
vn 0.000000 0.000000 1.000000
vn 0.000000 0.000000 1.000000
vn 0.000000 0.000000 1.000000
vn 0.000000 0.000000 1.000000
vn 0.000000 0.000000 1.000000
vn 0.000000 0.000000 1.000000
vn 0.000000 0.000000 1.000000
vn 0.000000 0.000000 1.000000
vn 0.000000 0.000000 1.000000
vn 0.000000 0.000000 1.000000
vn 0.000000 0.000000 1.000000
vn 0.000000 0.000000 1.000000
vn 0.000000 0.000000 1.000000
vn 0.000000 0.000000 1.000000
vn 0.000000 0.000000 1.000000
vn 0.000000 0.000000 1.000000
vn -0.000000 -1.000000 -0.000000
vn -0.000000 -1.000000 -0.000000
vn -0.000000 -1.000000 -0.000000
vn -0.000000 -1.000000 -0.000000
vn -0.573988 -0.818864 0.000000
vn -0.573988 -0.818864 0.000000
vn -0.573988 -0.818864 0.000000
vn -0.573988 -0.818864 0.000000
vn 0.939693 0.342020 -0.000000
vn 0.939693 0.342020 -0.000000
vn 0.939693 0.342020 -0.000000
vn 0.939693 0.342020 -0.000000
vn -0.000000 -1.000000 -0.000000
vn -0.000000 -1.000000 -0.000000
vn -0.000000 -1.000000 -0.000000
vn -0.000000 -1.000000 -0.000000
vn -0.573988 -0.818864 0.000000
vn -0.573988 -0.818864 0.000000
vn -0.573988 -0.818864 0.000000
vn -0.573988 -0.818864 0.000000
vn 0.939693 0.342020 -0.000000
vn 0.939693 0.342020 -0.000000
vn 0.939693 0.342020 -0.000000
vn 0.939693 0.342020 -0.000000
vn -0.000000 -1.000000 -0.000000
vn -0.000000 -1.000000 -0.000000
vn -0.000000 -1.000000 -0.000000
vn -0.000000 -1.000000 -0.000000
vn -0.573988 -0.818864 0.000000
vn -0.573988 -0.818864 0.000000
vn -0.573988 -0.818864 0.000000
vn -0.573988 -0.818864 0.000000
vn 0.939693 0.342020 -0.000000
vn 0.939693 0.342020 -0.000000
vn 0.939693 0.342020 -0.000000
vn 0.939693 0.342020 -0.000000
vn -0.000000 -1.000000 -0.000000
vn -0.000000 -1.000000 -0.000000
vn -0.000000 -1.000000 -0.000000
vn -0.000000 -1.000000 -0.000000
vn -1.000000 0.000000 0.000000
vn -1.000000 0.000000 0.000000
vn -1.000000 0.000000 0.000000
vn -1.000000 0.000000 0.000000
vn 0.939693 0.342020 -0.000000
vn 0.939693 0.342020 -0.000000
vn 0.939693 0.342020 -0.000000
vn 0.939693 0.342020 -0.000000
vn -0.573988 -0.818864 0.000000
vn -0.573988 -0.818864 0.000000
vn -0.573988 -0.818864 0.000000
vn -0.573988 -0.818864 0.000000
vn -0.000000 -1.000000 -0.000000
vn -0.000000 -1.000000 -0.000000
vn -0.000000 -1.000000 -0.000000
vn -0.000000 -1.000000 -0.000000
vn -0.573988 -0.818864 0.000000
vn -0.573988 -0.818864 0.000000
vn -0.573988 -0.818864 0.000000
vn -0.573988 -0.818864 0.000000
vn 0.939693 0.342020 -0.000000
vn 0.939693 0.342020 -0.000000
vn 0.939693 0.342020 -0.000000
vn 0.939693 0.342020 -0.000000
vn -0.000000 -1.000000 -0.000000
vn -0.000000 -1.000000 -0.000000
vn -0.000000 -1.000000 -0.000000
vn -0.000000 -1.000000 -0.000000
vn 0.000000 0.000000 -1.000000
vn 0.000000 0.000000 -1.000000
vn 0.000000 0.000000 -1.000000
vn 0.000000 0.000000 -1.000000
vn 0.000000 0.000000 -1.000000
vn 0.000000 0.000000 -1.000000
vn 0.000000 0.000000 -1.000000
vn 0.000000 0.000000 -1.000000
vn 0.000000 0.000000 -1.000000
vn 0.000000 0.000000 -1.000000
vn 0.000000 0.000000 -1.000000
vn 0.000000 0.000000 -1.000000
vn 0.000000 0.000000 -1.000000
vn 0.000000 0.000000 -1.000000
vn 0.000000 0.000000 -1.000000
vn 0.000000 0.000000 -1.000000
vn 0.000000 0.000000 -1.000000
vn 0.000000 0.000000 -1.000000
vn 0.000000 0.000000 -1.000000
vn 0.000000 0.000000 -1.000000
vn 0.000000 0.000000 -1.000000
vn 0.000000 0.000000 -1.000000
vn 0.000000 0.000000 -1.000000
vn 0.000000 0.000000 -1.000000
vn 0.000000 0.000000 -1.000000
vn 0.000000 0.000000 -1.000000
vn 0.000000 0.000000 -1.000000
vn 0.000000 0.000000 -1.000000
vn 0.000000 0.000000 -1.000000
vn 0.000000 0.000000 -1.000000
vn 0.000000 0.000000 -1.000000
vn 0.000000 0.000000 -1.000000
vn 0.000000 0.000000 -1.000000
vn 0.000000 0.000000 -1.000000
vn 0.000000 0.000000 -1.000000
vn 0.000000 0.000000 -1.000000
vn -0.573988 -0.818864 0.000000
vn -0.573988 -0.818864 0.000000
vn -0.573988 -0.818864 0.000000
vn -0.573988 -0.818864 0.000000
vn 0.939693 0.342020 -0.000000
vn 0.939693 0.342020 -0.000000
vn 0.939693 0.342020 -0.000000
vn 0.939693 0.342020 -0.000000
vn -0.000000 -1.000000 -0.000000
vn -0.000000 -1.000000 -0.000000
vn -0.000000 -1.000000 -0.000000
vn -0.000000 -1.000000 -0.000000
vn -0.573988 -0.818864 0.000000
vn -0.573988 -0.818864 0.000000
vn -0.573988 -0.818864 0.000000
vn -0.573988 -0.818864 0.000000
vn 0.939693 0.342020 -0.000000
vn 0.939693 0.342020 -0.000000
vn 0.939693 0.342020 -0.000000
vn 0.939693 0.342020 -0.000000
vn -0.000000 -1.000000 -0.000000
vn -0.000000 -1.000000 -0.000000
vn -0.000000 -1.000000 -0.000000
vn -0.000000 -1.000000 -0.000000
vn -0.020982 -0.992673 -0.118992
vn -0.020982 -0.992673 -0.118992
vn -0.020982 -0.992673 -0.118992
vn -0.020982 -0.992673 -0.118992
vn -0.173648 0.000000 -0.984808
vn -0.173648 0.000000 -0.984808
vn -0.173648 0.000000 -0.984808
vn -0.173648 0.000000 -0.984808
vn 0.939693 0.342020 -0.000000
vn 0.939693 0.342020 -0.000000
vn 0.939693 0.342020 -0.000000
vn 0.939693 0.342020 -0.000000
vn -0.573988 -0.818864 0.000000
vn -0.573988 -0.818864 0.000000
vn -0.573988 -0.818864 0.000000
vn -0.573988 -0.818864 0.000000
vn -0.573988 -0.818864 0.000000
vn -0.573988 -0.818864 0.000000
vn -1.000000 0.000000 0.000000
vn -1.000000 0.000000 0.000000
vn -1.000000 0.000000 0.000000
vn -1.000000 0.000000 0.000000
vn 0.000000 0.000000 1.000000
vn 0.000000 0.000000 1.000000
vn 0.000000 0.000000 1.000000
vn 0.000000 0.000000 1.000000
vn 0.000000 0.000000 1.000000
vn 0.000000 0.000000 1.000000
vn 0.000000 0.000000 1.000000
vn 0.000000 0.000000 1.000000
vn 0.000000 0.000000 1.000000
vn 0.000000 0.000000 1.000000
vn 0.000000 0.000000 1.000000
vn 0.000000 0.000000 1.000000
vn 0.000000 0.000000 1.000000
vn 0.000000 0.000000 1.000000
vn 0.000000 0.000000 1.000000
vn 0.000000 0.000000 1.000000
vn 0.000000 0.000000 1.000000
vn 0.000000 0.000000 1.000000
vn -1.000000 0.000000 -0.000000
vn -1.000000 0.000000 -0.000000
vn -1.000000 0.000000 -0.000000
vn -1.000000 0.000000 -0.000000
vn -0.000000 -1.000000 -0.000000
vn -0.000000 -1.000000 -0.000000
vn -0.000000 -1.000000 -0.000000
vn -0.000000 -1.000000 -0.000000
vn -0.573988 -0.818864 0.000000
vn -0.573988 -0.818864 0.000000
vn -0.573988 -0.818864 0.000000
vn -0.573988 -0.818864 0.000000
vn 0.939693 0.342020 -0.000000
vn 0.939693 0.342020 -0.000000
vn 0.939693 0.342020 -0.000000
vn 0.939693 0.342020 -0.000000
vn -0.000000 -1.000000 -0.000000
vn -0.000000 -1.000000 -0.000000
vn -0.000000 -1.000000 -0.000000
vn -0.000000 -1.000000 -0.000000
vn -0.939693 -0.342020 0.000000
vn -0.939693 -0.342020 0.000000
vn -0.939693 -0.342020 0.000000
vn -0.939693 -0.342020 0.000000
vn 0.573988 0.818864 -0.000000
vn 0.573988 0.818864 -0.000000
vn 0.573988 0.818864 -0.000000
vn 0.573988 0.818864 -0.000000
vn 0.939693 0.342020 -0.000000
vn 0.939693 0.342020 -0.000000
vn 0.939693 0.342020 -0.000000
vn 0.939693 0.342020 -0.000000
vn -0.573988 -0.818864 0.000000
vn -0.573988 -0.818864 0.000000
vn -0.573988 -0.818864 0.000000
vn -0.573988 -0.818864 0.000000
vn -0.000000 -1.000000 -0.000000
vn -0.000000 -1.000000 -0.000000
vn -0.000000 -1.000000 -0.000000
vn -0.000000 -1.000000 -0.000000
vn 0.000000 0.000000 -1.000000
vn 0.000000 0.000000 -1.000000
vn 0.000000 0.000000 -1.000000
vn 0.000000 0.000000 -1.000000
vn 0.000000 0.000000 -1.000000
vn 0.000000 0.000000 -1.000000
vn 0.000000 0.000000 -1.000000
vn 0.000000 0.000000 -1.000000
vn 0.000000 0.000000 -1.000000
vn 0.000000 0.000000 -1.000000
vn 0.000000 0.000000 -1.000000
vn 0.000000 0.000000 -1.000000
vn 0.000000 0.000000 -1.000000
vn 0.000000 0.000000 -1.000000
vn 0.000000 0.000000 -1.000000
vn 0.000000 0.000000 -1.000000
vn 0.000000 0.000000 -1.000000
vn 0.000000 0.000000 -1.000000
vn 0.000000 0.000000 -1.000000
vn 0.000000 0.000000 -1.000000
vn 0.000000 0.000000 -1.000000
vn -0.573988 -0.818864 0.000000
vn -0.573988 -0.818864 0.000000
vn -0.573988 -0.818864 0.000000
vn -0.573988 -0.818864 0.000000
vn 0.939693 0.342020 -0.000000
vn 0.939693 0.342020 -0.000000
vn 0.939693 0.342020 -0.000000
vn 0.939693 0.342020 -0.000000
vn -0.000000 -1.000000 -0.000000
vn -0.000000 -1.000000 -0.000000
vn -0.000000 -1.000000 -0.000000
vn -0.000000 -1.000000 -0.000000
vn -0.000000 -1.000000 -0.000000
vn -0.000000 -1.000000 -0.000000
vn -0.000000 -1.000000 -0.000000
vn -0.000000 -1.000000 -0.000000
vn -0.000000 -1.000000 -0.000000
vn -0.000000 -1.000000 -0.000000
vn -0.000000 -1.000000 -0.000000
vn -0.000000 -1.000000 -0.000000
vn -0.000000 -1.000000 -0.000000
vn -0.000000 -1.000000 -0.000000
vn -0.000000 -1.000000 -0.000000
vn -1.000000 0.000000 0.000000
vn -1.000000 0.000000 0.000000
vn -1.000000 0.000000 0.000000
vn -1.000000 0.000000 0.000000
vn 0.707107 -0.707107 0.000000
vn 0.707107 -0.707107 0.000000
vn 0.707107 -0.707107 0.000000
vn 0.707107 -0.707107 0.000000
vn 1.000000 0.000000 0.000000
vn 1.000000 0.000000 0.000000
vn 1.000000 0.000000 0.000000
vn 1.000000 0.000000 0.000000
vn 1.000000 0.000000 0.000000
vn 1.000000 0.000000 0.000000
vn 0.000000 1.000000 -0.000000
vn 0.000000 1.000000 -0.000000
vn 0.000000 1.000000 -0.000000
vn 0.000000 1.000000 -0.000000
vn 0.000000 1.000000 -0.000000
vn 0.000000 1.000000 -0.000000
vn 0.000000 1.000000 -0.000000
vn 0.000000 1.000000 -0.000000
vn 0.000000 1.000000 -0.000000
vn -0.707107 0.707107 0.000000
vn -0.707107 0.707107 0.000000
vn -0.707107 0.707107 0.000000
vn -0.707107 0.707107 0.000000
vn 1.000000 0.000000 -0.000000
vn 1.000000 0.000000 -0.000000
vn 1.000000 0.000000 -0.000000
vn 1.000000 0.000000 -0.000000
vn 0.000000 -1.000000 0.000000
vn 0.000000 -1.000000 0.000000
vn 0.000000 -1.000000 0.000000
vn 0.000000 -1.000000 0.000000
vn 0.000000 -1.000000 0.000000
vn 0.000000 -1.000000 0.000000
vn 0.000000 -1.000000 0.000000
vn 0.000000 -1.000000 0.000000
vn 0.000000 -1.000000 0.000000
vn 0.000000 -1.000000 0.000000
vn 0.000000 -1.000000 0.000000
vn 0.000000 -1.000000 0.000000
vn 0.000000 -1.000000 0.000000
vn 0.000000 -1.000000 0.000000
vn 0.000000 -1.000000 0.000000
vn 0.000000 -1.000000 0.000000
vn 0.000000 -1.000000 0.000000
vn 0.000000 -1.000000 0.000000
vn 0.000000 -1.000000 0.000000
vn 0.000000 -1.000000 0.000000
vn 0.000000 -1.000000 0.000000
vn 0.000000 -1.000000 0.000000
vn -0.984808 0.000000 0.173648
vn -0.984808 0.000000 0.173648
vn -0.984808 0.000000 0.173648
vn -0.984808 0.000000 0.173648
vn -0.984808 0.000000 0.173648
vn -0.984808 0.000000 0.173648
vn 0.000000 1.000000 -0.000000
vn 0.000000 1.000000 -0.000000
vn 0.000000 1.000000 -0.000000
vn 0.000000 1.000000 -0.000000
vn 0.000000 1.000000 -0.000000
vn 0.000000 1.000000 -0.000000
vn 0.000000 1.000000 -0.000000
vn 0.000000 1.000000 -0.000000
vn 0.000000 1.000000 0.000000
vn 0.000000 1.000000 0.000000
vn 0.000000 1.000000 0.000000
vn 0.000000 1.000000 0.000000
vn 0.000000 1.000000 0.000000
vn 0.000000 1.000000 0.000000
vn 0.000000 1.000000 0.000000
vn 0.000000 1.000000 0.000000
vn 0.000000 1.000000 0.000000
vn 0.000000 1.000000 0.000000
vn 0.000000 1.000000 0.000000
vn 0.000000 1.000000 0.000000
vn 1.000000 -0.000000 -0.000000
vn 1.000000 -0.000000 -0.000000
vn 1.000000 -0.000000 -0.000000
vn 1.000000 -0.000000 -0.000000
vn 1.000000 -0.000000 -0.000000
vn 1.000000 -0.000000 -0.000000
vn 1.000000 -0.000000 -0.000000
vn 1.000000 -0.000000 -0.000000
vn 1.000000 -0.000000 -0.000000
vn 0.986238 0.000000 -0.165334
vn 0.986238 0.000000 -0.165334
vn 0.986238 0.000000 -0.165334
vn 0.986238 0.000000 -0.165334
vn -0.173648 0.000000 -0.984808
vn -0.173648 0.000000 -0.984808
vn -0.173648 0.000000 -0.984808
vn -0.173648 0.000000 -0.984808
vn -0.004218 0.000000 0.999991
vn -0.004218 0.000000 0.999991
vn -0.004218 0.000000 0.999991
vn -0.004218 0.000000 0.999991
vn 0.000000 -1.000000 -0.000000
vn 0.000000 -1.000000 -0.000000
vn 0.000000 -1.000000 -0.000000
vn -1.000000 -0.000000 -0.000000
vn -1.000000 -0.000000 -0.000000
vn -1.000000 -0.000000 -0.000000
vn -1.000000 -0.000000 -0.000000
vn -1.000000 -0.000000 -0.000000
vn -1.000000 -0.000000 -0.000000
vn -1.000000 -0.000000 -0.000000
vn -1.000000 -0.000000 -0.000000
vn 0.999991 0.000000 0.004218
vn 0.999991 0.000000 0.004218
vn 0.999991 0.000000 0.004218
vn 0.999991 0.000000 0.004218
vn 0.000000 1.000000 -0.000000
vn 0.000000 1.000000 -0.000000
vn 0.000000 1.000000 -0.000000
vn 0.000000 1.000000 -0.000000
vn 0.000000 1.000000 -0.000000
vn 0.000000 1.000000 -0.000000
vn 0.000000 1.000000 -0.000000
vn 0.000000 1.000000 -0.000000
vn -0.173648 0.000000 -0.984808
vn -0.173648 0.000000 -0.984808
vn -0.999991 0.000000 -0.004218
vn -0.999991 0.000000 -0.004218
vn -0.999991 0.000000 -0.004218
vn -0.999991 0.000000 -0.004218
vn -0.004218 0.000000 0.999991
vn -0.004218 0.000000 0.999991
vn -0.004218 0.000000 0.999991
vn -0.004218 0.000000 0.999991
vn -0.004218 0.000000 0.999991
vn 0.984808 0.000000 0.173648
vn 0.984808 0.000000 0.173648
vn 0.984808 0.000000 0.173648
vn 0.984808 0.000000 0.173648
vn 0.984808 0.000000 0.173648
vn -0.984808 -0.000000 -0.173648
vn -0.984808 -0.000000 -0.173648
vn -0.984808 -0.000000 -0.173648
vn -0.984808 -0.000000 -0.173648
vn -0.984808 -0.000000 -0.173648
vn -0.984808 -0.000000 -0.173648
vn -0.984808 -0.000000 -0.173648
vn -0.984808 -0.000000 -0.173648
vn -0.984808 -0.000000 -0.173648
vn -0.984808 -0.000000 -0.173648
vn 0.984808 -0.000000 -0.173648
vn 0.984808 -0.000000 -0.173648
vn 0.984808 -0.000000 -0.173648
vn 0.984808 -0.000000 -0.173648
vn 0.984808 -0.000000 -0.173648
vn 0.984808 -0.000000 -0.173648
vn 0.984808 -0.000000 -0.173648
vn 0.984808 -0.000000 -0.173648
vn 0.984808 -0.000000 -0.173648
vn -0.000000 -0.000000 -1.000000
vn -0.000000 -0.000000 -1.000000
vn -0.000000 -0.000000 -1.000000
vn -0.000000 -0.000000 -1.000000
vn -0.000000 -0.000000 -1.000000
vn -0.000000 -0.000000 -1.000000
vn -0.000000 -0.000000 -1.000000
vn -0.000000 -0.000000 -1.000000
vn -0.008436 0.000000 0.999964
vn -0.008436 0.000000 0.999964
vn -0.008436 0.000000 0.999964
vn -0.008436 0.000000 0.999964
vn -0.008436 0.000000 0.999964
vn -0.008436 0.000000 0.999964
vn -0.008436 0.000000 0.999964
vn -0.008436 0.000000 0.999964
vn -1.000000 -0.000000 -0.000000
vn -1.000000 -0.000000 -0.000000
vn -1.000000 -0.000000 -0.000000
vn -1.000000 -0.000000 -0.000000
vn 1.000000 0.000000 -0.000000
vn 1.000000 0.000000 -0.000000
vn 1.000000 0.000000 -0.000000
vn 1.000000 0.000000 -0.000000
usemtl Chrome_-_Black
f 638/1157/1125 639/1158/1126 637/1159/1127
f 637/1159/1127 639/1158/1126 640/1160/1128
f 642/1161/1129 640/1162/1130 641/1163/1131
f 641/1163/1131 640/1162/1130 639/1164/1132
f 640/1165/1133 642/1166/1134 637/1167/1135
f 637/1167/1135 642/1166/1134 674/1168/1136
f 637/1167/1135 674/1168/1136 675/1169/1137
f 642/1166/1134 643/1170/1138 674/1168/1136
f 674/1168/1136 643/1170/1138 645/1171/1139
f 674/1168/1136 645/1171/1139 646/1172/1140
f 643/1170/1138 644/1173/1141 645/1171/1139
f 647/1174/1142 648/1175/1143 646/1172/1140
f 646/1172/1140 648/1175/1143 674/1168/1136
f 648/1175/1143 649/1176/1144 674/1168/1136
f 674/1168/1136 649/1176/1144 651/1177/1145
f 674/1168/1136 651/1177/1145 652/1178/1146
f 649/1176/1144 650/1179/1147 651/1177/1145
f 653/1180/1148 655/1181/1149 652/1178/1146
f 652/1178/1146 655/1181/1149 673/1182/1150
f 652/1178/1146 673/1182/1150 674/1168/1136
f 653/1180/1148 654/1183/1151 655/1181/1149
f 655/1181/1149 656/1184/1152 673/1182/1150
f 673/1182/1150 656/1184/1152 658/1185/1153
f 673/1182/1150 658/1185/1153 659/1186/1154
f 656/1184/1152 657/1187/1155 658/1185/1153
f 660/1188/1156 661/1189/1157 659/1186/1154
f 659/1186/1154 661/1189/1157 673/1182/1150
f 661/1189/1157 662/1190/1158 673/1182/1150
f 673/1182/1150 662/1190/1158 664/1191/1159
f 673/1182/1150 664/1191/1159 667/1192/1160
f 667/1192/1160 664/1191/1159 665/1193/1161
f 667/1192/1160 665/1193/1161 666/1194/1162
f 662/1190/1158 663/1195/1163 664/1191/1159
f 667/1192/1160 668/1196/1164 673/1182/1150
f 673/1182/1150 668/1196/1164 672/1197/1165
f 672/1197/1165 668/1196/1164 670/1198/1166
f 672/1197/1165 670/1198/1166 671/1199/1167
f 666/1194/1162 669/1200/1168 668/1196/1164
f 668/1196/1164 669/1200/1168 670/1198/1166
f 642/1201/1169 641/1202/1170 643/1203/1171
f 643/1203/1171 641/1202/1170 676/1204/1172
f 676/1205/1173 677/1206/1174 643/1207/1175
f 643/1207/1175 677/1206/1174 644/1208/1176
f 645/1209/1177 644/1210/1178 678/1211/1179
f 678/1211/1179 644/1210/1178 677/1212/1180
f 645/1213/1181 678/1214/1182 646/1215/1183
f 646/1215/1183 678/1214/1182 679/1216/1184
f 679/1217/1185 680/1218/1186 646/1219/1187
f 646/1219/1187 680/1218/1186 647/1220/1188
f 648/1221/1189 647/1222/1190 681/1223/1191
f 681/1223/1191 647/1222/1190 680/1224/1192
f 648/1225/1193 681/1226/1194 649/1227/1195
f 649/1227/1195 681/1226/1194 682/1228/1196
f 682/1229/1197 683/1230/1198 649/1231/1199
f 649/1231/1199 683/1230/1198 650/1232/1200
f 651/1233/1201 650/1234/1202 684/1235/1203
f 684/1235/1203 650/1234/1202 683/1236/1204
f 651/1237/1205 684/1238/1206 652/1239/1207
f 652/1239/1207 684/1238/1206 685/1240/1208
f 685/1241/1209 686/1242/1210 652/1243/1211
f 652/1243/1211 686/1242/1210 653/1244/1212
f 655/1245/1213 654/1246/1214 687/1247/1215
f 687/1247/1215 654/1246/1214 688/1248/1216
f 686/1249/1217 688/1250/1218 653/1251/1219
f 653/1251/1219 688/1250/1218 654/1252/1220
f 655/1253/1221 687/1254/1222 656/1255/1223
f 656/1255/1223 687/1254/1222 689/1256/1224
f 689/1257/1225 690/1258/1226 656/1259/1227
f 656/1259/1227 690/1258/1226 657/1260/1228
f 658/1261/1229 657/1262/1230 691/1263/1231
f 691/1263/1231 657/1262/1230 690/1264/1232
f 658/1265/1233 691/1266/1234 659/1267/1235
f 659/1267/1235 691/1266/1234 692/1268/1236
f 693/1269/1237 694/1270/1238 638/1271/1239
f 638/1271/1239 694/1270/1238 641/1272/1240
f 638/1271/1239 641/1272/1240 639/1273/1241
f 695/1274/1242 685/1275/1243 694/1270/1238
f 694/1270/1238 685/1275/1243 684/1276/1244
f 694/1270/1238 684/1276/1244 682/1277/1245
f 682/1277/1245 684/1276/1244 683/1278/1246
f 696/1279/1247 701/1280/1248 695/1274/1242
f 695/1274/1242 701/1280/1248 702/1281/1249
f 695/1274/1242 702/1281/1249 704/1282/1250
f 704/1282/1250 702/1281/1249 703/1283/1251
f 703/1283/1251 702/1281/1249 700/1284/1252
f 697/1285/1253 698/1286/1254 696/1279/1247
f 696/1279/1247 698/1286/1254 701/1280/1248
f 698/1286/1254 699/1287/1255 701/1280/1248
f 701/1280/1248 699/1287/1255 700/1284/1252
f 705/1288/1256 706/1289/1257 704/1282/1250
f 704/1282/1250 706/1289/1257 695/1274/1242
f 706/1289/1257 707/1290/1258 695/1274/1242
f 695/1274/1242 707/1290/1258 692/1291/1259
f 695/1274/1242 692/1291/1259 691/1292/1260
f 707/1290/1258 708/1293/1261 692/1291/1259
f 690/1294/1262 689/1295/1263 691/1292/1260
f 691/1292/1260 689/1295/1263 695/1274/1242
f 689/1295/1263 687/1296/1264 695/1274/1242
f 695/1274/1242 687/1296/1264 685/1275/1243
f 688/1297/1265 686/1298/1266 687/1296/1264
f 687/1296/1264 686/1298/1266 685/1275/1243
f 682/1277/1245 681/1299/1267 694/1270/1238
f 694/1270/1238 681/1299/1267 679/1300/1268
f 694/1270/1238 679/1300/1268 678/1301/1269
f 681/1299/1267 680/1302/1270 679/1300/1268
f 677/1303/1271 676/1304/1272 678/1301/1269
f 678/1301/1269 676/1304/1272 694/1270/1238
f 676/1304/1272 641/1272/1240 694/1270/1238
f 692/1305/1273 708/1306/1274 659/1307/1275
f 659/1307/1275 708/1306/1274 660/1308/1276
f 661/1309/1277 660/1310/1278 707/1311/1279
f 707/1311/1279 660/1310/1278 708/1312/1280
f 661/1313/1281 707/1314/1282 662/1315/1283
f 662/1315/1283 707/1314/1282 706/1316/1284
f 706/1317/1285 705/1318/1286 662/1319/1287
f 662/1319/1287 705/1318/1286 663/1320/1288
f 664/1321/1289 663/1322/1290 704/1323/1291
f 704/1323/1291 663/1322/1290 705/1324/1292
f 664/1325/1293 704/1326/1294 665/1327/1295
f 665/1327/1295 704/1326/1294 703/1328/1296
f 709/1329/1297 710/1330/1298 712/1331/1299
f 712/1331/1299 710/1330/1298 711/1332/1300
f 713/1333/1301 712/1334/1302 714/1335/1303
f 714/1335/1303 712/1334/1302 711/1336/1304
f 716/1337/1305 717/1338/1306 715/1339/1307
f 715/1339/1307 717/1338/1306 718/1340/1308
f 717/1341/1309 709/1342/1310 718/1343/1311
f 718/1343/1311 709/1342/1310 720/1344/1312
f 720/1344/1312 709/1342/1310 719/1345/1313
f 719/1345/1313 709/1342/1310 712/1346/1314
f 712/1347/1315 713/1348/1316 719/1349/1317
f 719/1349/1317 713/1348/1316 721/1350/1318
f 710/1351/1319 716/1352/1320 722/1353/1321
f 722/1353/1321 716/1352/1320 723/1354/1322
f 722/1353/1321 723/1354/1322 725/1355/1323
f 725/1355/1323 723/1354/1322 724/1356/1324
f 710/1351/1319 709/1357/1325 716/1352/1320
f 716/1352/1320 709/1357/1325 717/1358/1326
f 725/1355/1323 726/1359/1327 722/1353/1321
f 722/1353/1321 726/1359/1327 735/1360/1328
f 722/1353/1321 735/1360/1328 733/1361/1329
f 735/1360/1328 726/1359/1327 734/1362/1330
f 734/1362/1330 726/1359/1327 727/1363/1331
f 734/1362/1330 727/1363/1331 728/1364/1332
f 729/1365/1333 732/1366/1334 728/1364/1332
f 728/1364/1332 732/1366/1334 733/1361/1329
f 728/1364/1332 733/1361/1329 734/1362/1330
f 730/1367/1335 731/1368/1336 729/1365/1333
f 729/1365/1333 731/1368/1336 732/1366/1334
f 732/1366/1334 722/1353/1321 733/1361/1329
f 736/1369/1337 737/1370/1338 739/1371/1339
f 739/1371/1339 737/1370/1338 738/1372/1340
f 716/1373/1341 715/1374/1342 723/1375/1343
f 723/1375/1343 715/1374/1342 740/1376/1344
f 740/1377/1345 741/1378/1346 723/1379/1347
f 723/1379/1347 741/1378/1346 724/1380/1348
f 725/1381/1349 724/1382/1350 742/1383/1351
f 742/1383/1351 724/1382/1350 741/1384/1352
f 725/1385/1353 742/1386/1354 726/1387/1355
f 726/1387/1355 742/1386/1354 743/1388/1356
f 744/1389/1357 745/1390/1358 733/1391/1359
f 733/1391/1359 745/1390/1358 734/1392/1360
f 735/1393/1361 734/1394/1362 746/1395/1363
f 746/1395/1363 734/1394/1362 745/1396/1364
f 728/1397/1365 727/1398/1366 747/1399/1367
f 747/1399/1367 727/1398/1366 748/1400/1368
f 743/1401/1369 748/1402/1370 726/1403/1371
f 726/1403/1371 748/1402/1370 727/1404/1372
f 728/1405/1373 747/1406/1374 729/1407/1375
f 729/1407/1375 747/1406/1374 749/1408/1376
f 746/1409/1377 752/1410/1378 744/1411/1379
f 744/1411/1379 752/1410/1378 753/1412/1380
f 744/1411/1379 753/1412/1380 747/1413/1381
f 747/1413/1381 753/1412/1380 749/1414/1382
f 749/1414/1382 753/1412/1380 754/1415/1383
f 749/1414/1382 754/1415/1383 755/1416/1384
f 752/1410/1378 746/1409/1377 743/1417/1385
f 743/1417/1385 746/1409/1377 745/1418/1386
f 743/1417/1385 745/1418/1386 748/1419/1387
f 748/1419/1387 745/1418/1386 747/1413/1381
f 747/1413/1381 745/1418/1386 744/1411/1379
f 739/1420/1388 738/1421/1389 750/1422/1390
f 750/1422/1390 738/1421/1389 751/1423/1391
f 750/1422/1390 751/1423/1391 715/1424/1392
f 715/1424/1392 751/1423/1391 752/1410/1378
f 715/1424/1392 752/1410/1378 740/1425/1393
f 740/1425/1393 752/1410/1378 742/1426/1394
f 740/1425/1393 742/1426/1394 741/1427/1395
f 743/1417/1385 742/1426/1394 752/1410/1378
f 718/1428/1396 720/1429/1397 715/1424/1392
f 715/1424/1392 720/1429/1397 750/1422/1390
f 749/1430/1398 755/1431/1399 729/1432/1400
f 729/1432/1400 755/1431/1399 730/1433/1401
f 755/1434/1402 754/1435/1403 730/1436/1404
f 730/1436/1404 754/1435/1403 731/1437/1405
f 698/1438/1406 670/1439/1407 699/1440/1408
f 699/1440/1408 670/1439/1407 669/1441/1409
f 750/1442/1410 736/1443/1411 739/1444/1412
f 638/1445/1413 637/1446/1414 693/1447/1415
f 693/1447/1415 637/1446/1414 675/1448/1416
f 744/1449/1417 733/1450/1418 746/1451/1419
f 746/1451/1419 733/1450/1418 735/1452/1420
f 669/1453/1421 666/1454/1422 699/1455/1423
f 699/1455/1423 666/1454/1422 700/1456/1424
f 703/1457/1425 700/1458/1426 665/1459/1427
f 665/1459/1427 700/1458/1426 666/1460/1428
f 698/1461/1429 756/1462/1430 670/1463/1431
f 670/1463/1431 756/1462/1430 757/1464/1432
f 670/1463/1431 757/1464/1432 671/1465/1433
f 698/1461/1429 697/1466/1434 756/1462/1430
f 756/1467/1435 697/1468/1436 696/1469/1437
f 738/1470/1438 737/1471/1439 751/1472/1440
f 671/1473/1441 757/1474/1442 672/1475/1443
f 701/1476/1444 700/1477/1445 668/1478/1446
f 668/1478/1446 700/1477/1445 666/1479/1447
f 700/1480/1448 702/1481/1449 666/1482/1450
f 666/1482/1450 702/1481/1449 667/1483/1451
f 668/1484/1452 667/1485/1453 701/1486/1454
f 701/1486/1454 667/1485/1453 702/1487/1455
f 758/1488/1456 759/1489/1457 714/1490/1458
f 714/1490/1458 759/1489/1457 768/1491/1459
f 714/1490/1458 768/1491/1459 766/1492/1460
f 766/1492/1460 768/1491/1459 765/1493/1461
f 765/1493/1461 768/1491/1459 769/1494/1462
f 765/1493/1461 769/1494/1462 721/1495/1463
f 721/1495/1463 769/1494/1462 760/1496/1464
f 721/1495/1463 760/1496/1464 761/1497/1465
f 757/1498/1466 760/1496/1464 759/1489/1457
f 759/1489/1457 760/1496/1464 770/1499/1467
f 759/1489/1457 770/1499/1467 768/1491/1459
f 768/1491/1459 770/1499/1467 767/1500/1468
f 757/1498/1466 756/1501/1469 760/1496/1464
f 765/1493/1461 721/1495/1463 763/1502/1470
f 763/1502/1470 721/1495/1463 713/1503/1471
f 763/1502/1470 713/1503/1471 714/1490/1458
f 764/1504/1472 762/1505/1473 714/1490/1458
f 714/1490/1458 762/1505/1473 763/1502/1470
f 763/1502/1470 764/1504/1472 765/1493/1461
f 766/1492/1460 764/1504/1472 714/1490/1458
f 769/1494/1462 770/1499/1467 760/1496/1464
f 711/1506/1474 710/1507/1475 758/1508/1476
f 758/1508/1476 710/1507/1475 722/1509/1477
f 758/1508/1476 722/1509/1477 771/1510/1478
f 758/1508/1476 714/1511/1479 711/1506/1474
f 722/1512/1480 732/1513/1481 771/1514/1482
f 771/1514/1482 732/1513/1481 772/1515/1483
f 771/1514/1482 772/1515/1483 773/1516/1484
f 732/1513/1481 753/1517/1485 772/1515/1483
f 772/1515/1483 753/1517/1485 752/1518/1486
f 773/1516/1484 774/1519/1487 771/1514/1482
f 784/1520/1488 775/1521/1489 786/1522/1490
f 786/1522/1490 775/1521/1489 776/1523/1491
f 786/1522/1490 776/1523/1491 779/1524/1492
f 779/1524/1492 776/1523/1491 777/1525/1493
f 779/1524/1492 777/1525/1493 778/1526/1494
f 779/1524/1492 780/1527/1495 786/1522/1490
f 786/1522/1490 780/1527/1495 781/1528/1496
f 786/1522/1490 781/1528/1496 782/1529/1497
f 783/1530/1498 784/1520/1488 782/1529/1497
f 782/1529/1497 784/1520/1488 785/1531/1499
f 782/1529/1497 785/1531/1499 786/1522/1490
f 788/1532/1500 789/1533/1501 787/1534/1502
f 787/1534/1502 789/1533/1501 778/1535/1503
f 787/1534/1502 778/1535/1503 777/1536/1504
f 781/1537/1505 780/1538/1506 788/1532/1500
f 788/1532/1500 780/1538/1506 789/1533/1501
f 768/1539/1507 767/1540/1508 780/1538/1506
f 780/1538/1506 767/1540/1508 789/1533/1501
f 786/1541/1509 785/1542/1510 765/1543/1511
f 765/1543/1511 785/1542/1510 766/1544/1512
f 784/1545/1513 764/1546/1514 785/1547/1515
f 785/1547/1515 764/1546/1514 766/1548/1516
f 784/1549/1517 786/1550/1518 764/1551/1519
f 764/1551/1519 786/1550/1518 765/1552/1520
f 778/1553/1521 789/1554/1522 790/1555/1523
f 763/1556/1524 783/1557/1525 775/1558/1526
f 775/1558/1526 783/1557/1525 774/1559/1527
f 775/1558/1526 774/1559/1527 773/1560/1528
f 763/1556/1524 762/1561/1529 783/1557/1525
f 783/1557/1525 782/1562/1530 774/1559/1527
f 773/1560/1528 776/1563/1531 775/1558/1526
f 775/1564/1532 784/1565/1533 763/1566/1534
f 763/1566/1534 784/1565/1533 764/1567/1535
f 788/1568/1536 787/1569/1537 792/1570/1538
f 792/1570/1538 787/1569/1537 791/1571/1539
f 792/1570/1538 791/1571/1539 694/1572/1540
f 694/1572/1540 791/1571/1539 695/1573/1541
f 694/1572/1540 674/1574/1542 792/1570/1538
f 792/1570/1538 674/1574/1542 673/1575/1543
f 783/1576/1544 762/1577/1545 784/1578/1513
f 784/1578/1513 762/1577/1545 764/1579/1514
f 768/1580/1546 780/1581/1547 769/1582/1548
f 769/1582/1548 780/1581/1547 779/1583/1549
f 779/1584/1550 778/1585/1551 769/1586/1552
f 769/1586/1552 778/1585/1551 770/1587/1553
f 770/1587/1553 778/1585/1551 790/1588/1554
f 759/1589/1555 792/1590/1556 757/1591/1557
f 757/1591/1557 792/1590/1556 673/1592/1558
f 757/1591/1557 673/1592/1558 672/1593/1559
f 751/1594/1560 737/1595/1561 752/1596/1562
f 752/1596/1562 737/1595/1561 772/1597/1563
f 772/1597/1563 737/1595/1561 761/1598/1564
f 761/1598/1564 737/1595/1561 736/1599/1565
f 761/1598/1564 736/1599/1565 720/1600/1566
f 720/1600/1566 736/1599/1565 750/1601/1567
f 720/1600/1566 719/1602/1568 761/1598/1564
f 761/1598/1564 719/1602/1568 721/1603/1569
f 790/1604/1570 789/1605/1571 770/1606/1572
f 770/1606/1572 789/1605/1571 767/1607/1573
f 760/1608/1574 756/1609/1575 791/1610/1576
f 791/1610/1576 756/1609/1575 695/1611/1577
f 695/1611/1577 756/1609/1575 696/1612/1578
f 773/1613/1579 772/1614/1580 776/1615/1581
f 776/1615/1581 772/1614/1580 761/1616/1582
f 776/1615/1581 761/1616/1582 760/1617/1583
f 776/1615/1581 760/1617/1583 777/1618/1584
f 777/1618/1584 760/1617/1583 791/1619/1585
f 777/1618/1584 791/1619/1585 787/1620/1586
f 788/1621/1587 792/1622/1588 781/1623/1589
f 781/1623/1589 792/1622/1588 759/1624/1590
f 781/1623/1589 759/1624/1590 758/1625/1591
f 781/1623/1589 758/1625/1591 782/1626/1592
f 782/1626/1592 758/1625/1591 771/1627/1593
f 782/1626/1592 771/1627/1593 774/1628/1594
f 693/1629/1595 675/1630/1596 694/1631/1597
f 694/1631/1597 675/1630/1596 674/1632/1598
f 754/1633/1599 753/1634/1600 731/1635/1601
f 731/1635/1601 753/1634/1600 732/1636/1602
# 792 vertices
# 1636 texture params
# 1602 normals
# 1584 facets

# 5 groups
