# Web-optimized gripper mesh generated from the original Autodesk OBJ
# Vertex-cluster cell size: 0.5

v -1.428101 -2.549128 1.028682
v -1.451362 -2.546376 1.438079
v -1.502075 -2.788550 0.830849
v -1.108330 -2.509828 1.503673
v -1.120903 -2.605085 1.070428
v -1.107013 -2.784912 0.844529
v -1.135561 -2.297833 -1.849095
v -1.104512 -2.510618 -1.502048
v -1.132212 -2.587496 -1.077043
v -1.115396 -2.779121 -0.864569
v -1.109216 -2.874530 -0.375887
v -1.448127 -2.873899 -0.388628
v -1.492265 -2.792048 -0.818962
v -1.435008 -2.554999 -1.028153
v -1.957733 -2.792199 -0.818984
v -1.974441 -2.700283 -1.100640
v -1.126889 -2.052870 -2.024953
v -1.101624 -1.930160 -2.270072
v -1.438039 -2.027285 -1.969565
v -1.489600 -1.921144 -2.275968
v -1.460186 -1.399313 -2.552709
v -1.928772 -1.534619 -2.587503
v -1.926295 -1.066438 -2.853267
v -1.661191 -1.264784 -2.754524
v -1.514522 -1.120085 -2.829434
v -1.443946 -0.445300 -2.964520
v -1.104747 -0.503605 -2.997738
v -1.061303 -1.144375 -2.820722
v -1.035014 -1.264830 -2.759357
v -1.113743 -1.433823 -2.577117
v -1.931034 -1.839355 -2.347139
v -1.955070 -2.112300 -2.072332
v -1.447290 -2.545896 -1.439130
v -1.912769 -2.494557 -1.534956
v -2.000000 -2.362756 -1.754570
v -1.442478 -2.326620 -1.807583
v -1.089190 -0.118410 -3.063377
v -1.089984 0.528411 -3.094692
v -1.439939 0.584767 -3.026407
v -1.889624 0.473090 -3.134148
v -1.449746 0.939712 -2.971108
v -1.913768 0.995892 -3.053337
v -1.079244 0.985730 -3.018800
v -1.063399 1.572545 -2.855052
v -1.435972 -0.132466 -3.007880
v -1.947273 -0.029858 -3.125791
v -1.949104 -0.599477 -3.022820
v -2.000000 -1.271402 -2.750411
v -1.096435 1.982166 -2.554233
v -1.055363 2.429004 -2.270048
v -1.115166 2.558069 -2.017869
v -1.432919 2.524673 -1.975229
v -1.439465 2.433870 -2.261191
v -1.905235 2.406628 -2.284796
v -1.903821 2.623759 -2.056406
v -1.902551 2.817712 -1.807594
v -1.434912 2.831195 -1.792431
v -1.084239 2.828173 -1.802039
v -1.448562 1.918902 -2.542013
v -1.907353 2.070985 -2.558259
v -1.910445 1.566647 -2.854294
v -1.482741 1.569765 -2.856127
v -1.035632 1.758267 -2.763784
v -1.070375 3.271666 -0.888652
v -1.079928 3.363164 -0.456772
v -1.109731 3.102760 -1.090066
v -1.098631 3.058301 -1.416665
v -1.465139 3.287362 -0.830846
v -1.416044 3.372570 -0.395095
v -1.636069 3.396847 0.000009
v -1.932787 3.362121 -0.468702
v -1.902468 3.399838 0.000000
v -1.899839 3.281297 -0.850663
v -1.900511 3.182620 -1.136489
v -1.934294 3.021550 -1.475886
v -1.428140 3.049081 -1.024907
v -1.448943 3.075652 -1.377174
v -1.059942 -2.896964 -0.000060
v -1.633361 -2.896601 0.000049
v -1.958052 -2.845886 -0.562499
v -2.000000 -2.899885 0.000000
v -1.060517 3.396962 -0.000009
v -6.000000 -2.220075 -1.613497
v -1.000000 -2.220075 -1.613497
v -6.000000 -2.068215 -2.066070
v -6.000000 0.029873 -3.066746
v -6.000000 0.965657 -3.026724
v -6.000000 0.516407 -3.083693
v -6.000000 3.117937 -1.124839
v -1.000000 3.109297 -0.724182
v -4.481313 3.135572 -0.599902
v -5.026019 3.108705 -0.726130
v -1.429341 2.519788 1.975803
v -6.000000 2.719207 1.613497
v -1.000000 2.719207 1.613497
v -1.110128 2.570893 2.013670
v -6.000000 2.542091 2.057363
v -1.434506 -0.131489 3.008011
v -6.000000 0.048803 3.067605
v -1.105618 -0.126293 3.050746
v -1.116497 -0.479773 2.997614
v -1.445176 -0.444438 2.964702
v -6.000000 -0.546728 2.998583
v -6.000000 -2.623095 1.159323
v -1.000000 -2.610165 0.724182
v -6.000000 -2.466036 0.438654
v -1.180938 1.678936 -2.603825
v -1.412945 1.633296 -2.631420
v -6.000000 2.530781 -2.070199
v -6.000000 1.980001 -2.502432
v -6.000000 1.558611 -2.414638
v -1.000000 2.719207 -1.613497
v -6.000000 2.719207 -1.613497
v -1.179253 3.215245 0.000000
v -1.000000 3.109297 0.724182
v -4.481313 3.135572 0.599902
v -4.189285 3.185512 0.287608
v -1.109904 3.102101 1.091817
v -6.000000 3.092950 1.187928
v -1.428274 3.049480 1.023875
v -6.000000 3.109297 0.724182
v -4.881947 3.102634 0.750000
v -5.098055 3.111740 0.714195
v -5.447852 3.159973 0.464682
v -6.000000 3.189490 0.000000
v -5.622420 3.197143 0.000000
v -5.447852 3.159973 -0.464682
v -6.000000 3.109297 -0.724182
v -6.000000 2.028600 2.549563
v -1.098007 1.980410 2.557682
v -1.448344 1.918793 2.538788
v -1.180938 1.678936 2.603825
v -1.412945 1.633296 2.631420
v -1.087194 0.985347 3.015640
v -6.000000 1.042453 3.001223
v -6.000000 1.653611 2.594448
v -1.100761 0.536018 3.088002
v -1.444340 0.944685 2.966393
v -1.446138 0.589467 3.029842
v -1.182633 -1.180416 2.606003
v -1.422101 -1.137456 2.628554
v -1.117658 -1.414819 2.578148
v -1.127250 -2.052648 2.025197
v -6.000000 -2.057087 2.063306
v -6.000000 -1.614220 2.483123
v -1.460198 -1.399327 2.552701
v -6.000000 -1.154479 2.594448
v -1.000000 -2.220075 1.613497
v -1.438021 -2.027306 1.969540
v -6.000000 -2.220075 1.613497
v -6.000000 -2.625819 0.021026
v -1.179253 -2.716113 0.000000
v -1.409336 -2.717668 0.000000
v -6.000000 -2.501543 -0.437667
v -1.000000 -2.610165 -0.724182
v -6.000000 -2.632336 -1.137128
v -6.000000 -1.481353 -2.561813
v -1.182633 -1.180416 -2.606003
v -1.422101 -1.137456 -2.628554
v -6.000000 -0.576830 -2.991256
v -6.000000 -1.154479 -2.594448
v -6.000000 0.547418 3.081111
v -4.141474 3.197143 0.000000
v -1.409336 3.216800 0.000000
v -4.189285 3.185512 -0.287608
v -1.086520 3.365037 0.445659
v -1.415949 3.372569 0.395100
v -1.075288 3.034997 1.458141
v -1.433575 3.077975 1.372867
v -1.459131 3.288068 0.828546
v -1.068497 3.269164 0.897064
v -1.447937 -2.873896 0.388656
v -1.088107 -2.873310 0.387645
v -1.958052 -2.845886 0.562499
v -1.957733 -2.792199 0.818984
v -1.974441 -2.700283 1.100640
v -1.912769 -2.493279 1.537282
v -2.000000 -2.353850 1.767623
v -1.955070 -2.099875 2.085710
v -1.862069 -1.915699 2.279490
v -1.952515 -1.587563 2.547008
v -1.950863 -1.099299 2.835897
v -1.949104 -0.565477 3.031694
v -1.947273 -0.003875 3.127424
v -1.889624 0.493752 3.132484
v -1.913768 1.029758 3.045581
v -1.910445 1.583309 2.846931
v -1.907353 2.085255 2.547855
v -1.905235 2.438338 2.254605
v -1.903821 2.640724 2.037151
v -1.902551 2.833836 1.785544
v -1.901441 3.010520 1.500713
v -1.900511 3.163619 1.183669
v -1.899839 3.281297 0.850663
v -1.442381 -2.326636 1.807563
v -1.135517 -2.297816 1.849120
v -1.181226 -1.928269 2.271312
v -1.489604 -1.921144 2.275968
v -1.072575 -1.135276 2.824943
v -1.035049 -1.264700 2.759428
v -1.514526 -1.120095 2.829429
v -1.661228 -1.264925 2.754446
v -1.060505 1.589478 2.846761
v -1.055043 2.429000 2.270056
v -1.439465 2.433870 2.261191
v -1.093815 2.831759 1.797153
v -1.899180 3.367902 0.437966
v -1.446827 2.824767 1.801149
v -1.463945 1.561432 2.860395
v -1.659957 1.751576 2.764426
v -6.400000 0.382492 0.000000
v -6.000000 0.382492 0.000000
v -6.400000 0.137090 0.000000
v -6.000000 0.137090 0.000000
v -6.000000 1.463482 2.032102
v -6.400000 1.463482 2.032102
v -6.000000 1.935079 1.965353
v -6.400000 1.935079 1.965353
v -6.000000 1.954058 1.550849
v -6.400000 1.954058 1.550849
v -6.000000 1.463482 1.438044
v -6.400000 1.463482 1.438044
v -6.000000 1.239972 1.735073
v -6.400000 1.239972 1.735073
v -6.000000 1.539611 -1.666888
v -6.400000 1.539611 -1.666888
v -6.000000 1.873376 -1.712089
v -6.400000 1.873376 -1.712089
v -6.000000 2.003420 -2.022782
v -6.400000 2.003420 -2.022782
v -6.400000 1.962885 -2.395065
v -6.400000 1.539611 -2.378676
v -6.000000 1.273162 -2.022782
v -6.400000 1.273162 -2.022782
v -6.000000 1.239972 -2.022782
v -6.400000 1.239972 -2.022782
v -6.000000 -2.059876 -0.385017
v -6.400000 -2.059876 -0.385017
v -6.400000 -2.474387 -0.366038
v -6.400000 -2.600003 0.029436
v -6.400000 -2.393972 0.295890
v -6.000000 -2.144190 0.306953
v -6.400000 -2.144190 0.306953
v -6.000000 -1.888204 0.029436
v -6.400000 -1.888204 0.029436
v -4.481337 3.339726 -0.599903
v -5.025977 3.314638 -0.726144
v -4.189253 3.386416 -0.287531
v -4.141466 3.397299 0.000000
v -4.189253 3.386416 0.287531
v -4.481337 3.339726 0.599903
v -4.881947 3.308978 0.750000
v -5.097992 3.317468 0.714216
v -5.447862 3.362528 0.464654
v -5.622428 3.397299 0.000000
v -5.447861 3.362528 -0.464654
v -6.000000 3.297569 -0.795096
v -6.000000 3.015561 -1.485374
v -6.000000 2.782777 -1.864942
v -6.000000 2.379081 -2.316201
v -6.000000 1.493649 -2.888471
v -6.000000 -1.041468 -2.870169
v -6.000000 -1.280530 -2.753417
v -6.000000 -1.833297 -2.358102
v -6.000000 -2.273158 -1.886363
v -6.000000 -2.463274 -1.591413
v -6.000000 -2.861749 0.492158
v -6.000000 -2.900160 0.000000
v -6.000000 -2.861749 -0.492158
v -6.000000 -2.525184 1.489615
v -6.000000 -2.329017 1.806076
v -6.000000 -1.939698 2.264867
v -6.000000 -1.091710 2.843722
v -6.000000 1.520344 2.876741
v -6.000000 2.442682 2.255858
v -6.000000 2.811528 1.818269
v -6.000000 3.005110 1.511868
v -6.000000 3.297569 0.795096
v -6.400000 3.376599 -0.379691
v -6.400000 3.397011 0.126838
v -6.400000 3.335906 0.630081
v -6.400000 3.194867 1.117005
v -6.400000 2.977546 1.575000
v -6.400000 -0.985129 2.897935
v -6.400000 -0.504278 3.058467
v -6.400000 -0.003904 3.139786
v -6.400000 0.503036 3.139786
v -6.400000 1.003410 3.058467
v -6.400000 1.484261 2.897935
v -6.400000 1.933133 2.662349
v -6.400000 2.338402 2.357809
v -6.400000 2.689572 1.992203
v -6.400000 -1.839270 2.357809
v -6.400000 -1.434001 2.662349
v -6.400000 -2.190440 1.992203
v -6.400000 -2.478414 1.575000
v -6.400000 -2.695735 1.117005
v -6.400000 -1.642772 -2.518245
v -6.400000 -2.022222 -2.182082
v -6.400000 -1.214312 -2.789186
v -6.400000 -0.501834 -3.048549
v -6.400000 0.249566 -3.150000
v -6.400000 1.000965 -3.048549
v -6.400000 1.713444 -2.789186
v -6.400000 2.521354 -2.182082
v -6.400000 2.841965 -1.789404
v -6.400000 3.095435 -1.350382
v -6.400000 3.275198 -0.876385
v -6.400000 -2.596303 -1.350382
v -6.400000 -2.776066 -0.876385
v -6.400000 -2.877467 -0.379691
v -6.400000 -2.897879 0.126838
v -6.400000 -2.836775 0.630081
v -6.400000 -2.342833 -1.789404
v -7.200000 5.896025 1.363306
v -7.200000 4.457478 4.600536
v -7.200000 4.246025 4.221190
v -7.200000 3.860223 -0.067903
v -7.200000 6.262531 1.228498
v -7.200000 6.341565 1.378133
v -7.200000 2.254146 3.071178
v -7.200000 3.686033 -0.086517
v -7.200000 1.974242 3.255986
v -7.200000 1.895209 3.106351
v -7.200000 -3.393283 -0.053680
v -7.200000 -3.228867 -0.023308
v -7.200000 -1.831975 3.096178
v -7.200000 -1.473037 3.131351
v -7.200000 -1.552071 3.280986
v -7.200000 -5.448891 1.373893
v -7.200000 -3.798890 4.231777
v -7.200000 -4.035285 4.625523
v -7.200000 -5.908082 1.381744
v -7.200000 1.882736 -3.287891
v -7.200000 2.105532 -3.015095
v -7.200000 -1.417264 -3.287891
v -7.200000 -1.640061 -3.015095
v -7.200000 1.882736 -5.587914
v -7.200000 -1.417264 -5.587914
v -7.200000 2.105532 -5.960710
v -7.200000 -1.640061 -5.960710
v -7.500000 3.904146 0.213294
v -7.500000 2.254146 3.071178
v -7.500000 5.896025 1.363306
v -7.500000 -3.798890 4.231777
v -7.500000 -5.448891 1.373893
v -7.500000 -3.481975 0.238294
v -7.500000 1.882736 -5.587914
v -7.500000 -1.417264 -5.587914
v -7.500000 1.882736 -3.287891
v -6.300000 -1.640061 -5.960710
v -6.300000 2.105532 -5.960710
v -6.300000 -1.640061 -3.015095
v -6.300000 2.105532 -3.015095
v -7.500000 -1.417264 -3.287891
v -6.300000 -5.923940 1.424165
v -6.300000 -3.378502 -0.102342
v -6.300000 -4.035285 4.625523
v -6.300000 -1.552071 3.280986
v -6.300000 -1.473037 3.131351
v -6.600000 -2.974049 -0.055272
v -7.500000 -1.831975 3.096178
v -6.500000 -2.614447 0.046087
v -6.585714 -2.465276 0.393339
v -6.300000 -2.963711 -1.462688
v -6.533333 -2.494770 -0.444935
v -6.300000 -3.308445 -1.283328
v -6.300000 -3.567264 -1.249254
v -6.300000 -4.941594 -0.116400
v -6.300000 -6.218958 0.789840
v -6.300000 -6.103737 0.284968
v -6.300000 -5.879057 -0.181604
v -6.300000 -4.710644 4.219405
v -6.300000 -5.272661 3.454379
v -6.300000 -5.717256 2.615651
v -6.300000 -4.043192 4.894413
v -6.300000 -3.284542 5.465007
v -6.300000 -2.290148 4.592107
v -6.300000 -1.055450 4.514648
v -6.300000 -2.025497 4.517290
v -6.300000 -1.253421 4.925445
v -6.300000 -1.691797 5.253247
v -6.300000 -0.495185 4.147646
v -6.300000 0.126866 -0.000000
v -6.500000 -1.867369 0.022238
v -6.576923 -2.027130 -0.476111
v -6.300000 -5.556183 -0.586479
v -6.300000 -5.151308 -0.909353
v -6.300000 -4.957404 -0.386032
v -6.300000 -4.684736 -1.134034
v -6.300000 -4.179864 -1.249254
v -6.300000 -4.733780 -0.282547
v -6.300000 -2.701239 -1.749254
v -6.300000 -2.584301 -2.119845
v -6.300000 -2.095415 -4.042157
v -6.300000 -2.567264 -5.867143
v -6.300000 -2.350190 -4.058199
v -6.300000 -1.800242 -6.175036
v -6.300000 -2.217264 -4.250699
v -6.300000 -1.000349 -6.383106
v -6.300000 -0.180520 -6.487989
v -6.300000 0.645992 -6.487989
v -6.300000 1.465821 -6.383106
v -6.300000 2.265714 -6.175036
v -6.300000 3.032736 -5.867143
v -6.300000 2.585412 -4.044449
v -6.300000 2.682736 -4.250699
v -6.300000 2.834129 -4.058199
v -6.300000 3.049773 -2.119845
v -6.500000 2.021505 -2.007925
v -6.566667 1.938026 -2.429730
v -6.300000 3.166711 -1.749254
v -6.533333 1.989629 1.490485
v -6.600000 1.946147 -1.604281
v -6.566667 1.524169 -1.581599
v -6.500000 1.470411 1.399269
v -6.300000 0.394576 -0.000000
v -6.642857 1.125999 1.573482
v -6.620000 1.137302 1.960480
v -6.300000 3.686033 -0.086517
v -6.300000 3.429183 -1.462688
v -6.300000 3.773917 -1.283328
v -6.300000 4.032736 -1.249254
v -6.300000 3.849242 -0.138202
v -6.300000 4.470167 -1.249254
v -6.300000 5.189678 -0.372409
v -6.300000 4.952596 -1.181663
v -6.300000 5.409429 -1.012520
v -6.300000 5.442372 -0.409289
v -6.300000 5.991784 -0.577414
v -6.300000 5.428756 -0.137874
v -6.300000 6.463078 1.086351
v -6.300000 5.198927 -0.170404
v -6.300000 6.426891 0.004941
v -6.300000 6.596033 0.461775
v -6.300000 6.341565 1.378133
v -6.300000 6.483569 1.781299
v -6.300000 6.195045 2.587464
v -6.300000 5.803059 3.348711
v -6.300000 5.314414 4.051828
v -6.300000 4.492491 4.611046
v -6.300000 4.082591 5.236094
v -6.300000 3.529033 5.467987
v -6.300000 2.545182 4.540238
v -6.300000 2.930148 5.507180
v -6.300000 2.541392 5.401498
v -6.300000 2.545182 4.755240
v -6.300000 2.044775 5.064493
v -6.300000 1.831747 4.703994
v -6.300000 1.635721 4.419975
v -6.300000 1.974242 3.255986
v -6.300000 1.895209 3.106351
v -6.300000 1.362480 4.209186
v -6.300000 1.029956 4.116876
v -6.500000 1.468794 2.069943
v -6.300000 -2.198672 5.459898
v -6.300000 -2.123000 4.771667
v -6.300000 -2.741279 5.532039
v -6.546154 1.493587 -2.444644
v -6.566667 1.149987 -2.033159
v -6.518182 1.983076 2.003287
v -6.300000 -4.737059 -0.207813
v -6.500000 1.282928 -1.910442
v -6.580000 -2.076937 0.400458
v -7.500000 4.246025 4.221190
v -7.500000 1.115839 -2.421127
v -7.500000 1.468032 -2.645811
v -7.500000 -2.095415 -4.042157
v -7.500000 -0.180520 -6.487989
v -7.500000 -1.000349 -6.383106
v -7.500000 -1.800242 -6.175036
v -7.500000 2.585412 -4.044449
v -7.500000 -2.566607 0.492666
v -7.500000 -2.815680 0.264073
v -7.500000 -2.889110 -0.065927
v -7.500000 -2.290148 4.592107
v -7.500000 -2.025497 4.517290
v -7.500000 -4.710644 4.219405
v -7.500000 -4.043192 4.894413
v -7.500000 -3.284542 5.465007
v -7.500000 -4.941594 -0.116400
v -7.500000 5.314414 4.051828
v -7.500000 5.803059 3.348711
v -7.500000 6.195045 2.587464
v -7.500000 2.545182 4.540238
v -7.500000 3.529033 5.467987
v -7.500000 2.272483 1.905893
v -7.500000 2.154106 2.133418
v -7.500000 5.198927 -0.170404
v -7.500000 -2.584301 -2.119845
v -7.500000 -2.350190 -4.058199
v -7.500000 -2.567264 -5.867143
v -7.500000 -2.002225 -0.649872
v -7.500000 -1.672527 -0.395927
v -7.500000 -2.701239 -1.749254
v -7.500000 -2.566607 -0.624520
v -7.500000 -2.963711 -1.462688
v -7.500000 -2.815680 -0.395927
v -7.500000 -3.308445 -1.283328
v -7.500000 -3.567264 -1.249254
v -7.500000 -4.179864 -1.249254
v -7.500000 -4.733780 -0.282547
v -7.500000 -4.684736 -1.134034
v -7.500000 -4.957404 -0.386032
v -7.500000 -5.151308 -0.909353
v -7.500000 -5.556183 -0.586479
v -7.500000 -5.879057 -0.181604
v -7.500000 -6.103737 0.284968
v -7.500000 -6.218958 0.789840
v -7.500000 -6.034947 1.721112
v -7.500000 -5.717256 2.615651
v -7.500000 -5.272661 3.454379
v -7.500000 -2.741279 5.532039
v -7.500000 -2.198672 5.459898
v -7.500000 -1.691797 5.253247
v -7.500000 -2.123000 4.771667
v -7.500000 -1.253421 4.925445
v -7.500000 -1.055450 4.514648
v -7.500000 -0.495185 4.147646
v -7.500000 -0.160857 0.000000
v -7.500000 -1.672527 0.264073
v -7.500000 -1.599096 -0.065927
v -7.500000 0.088314 0.389296
v -7.500000 1.076379 2.057576
v -7.500000 1.051028 1.493195
v -7.500000 1.029956 4.116876
v -7.500000 1.468032 2.358102
v -7.500000 1.362480 4.209186
v -7.500000 1.635721 4.419975
v -7.500000 1.831747 4.703994
v -7.500000 2.044775 5.064493
v -7.500000 2.541392 5.401498
v -7.500000 2.545182 4.755240
v -7.500000 2.930148 5.507180
v -7.500000 4.082591 5.236094
v -7.500000 4.737588 4.684616
v -7.500000 6.483569 1.781299
v -7.500000 6.663624 0.944204
v -7.500000 6.596033 0.461775
v -7.500000 6.426891 0.004941
v -7.500000 5.991784 -0.577414
v -7.500000 5.428756 -0.137874
v -7.500000 5.442372 -0.409289
v -7.500000 5.409429 -1.012520
v -7.500000 5.189678 -0.372409
v -7.500000 4.952596 -1.181663
v -7.500000 4.470167 -1.249254
v -7.500000 4.032736 -1.249254
v -7.500000 3.773917 -1.283328
v -7.500000 3.429183 -1.462688
v -7.500000 2.154106 1.336727
v -7.500000 2.019744 -1.521338
v -7.500000 3.166711 -1.749254
v -7.500000 2.279979 -2.022782
v -7.500000 3.049773 -2.119845
v -7.500000 2.019744 -2.524227
v -7.500000 3.032736 -5.867143
v -7.500000 2.834129 -4.058199
v -7.500000 2.265714 -6.175036
v -7.500000 2.682736 -4.250699
v -7.500000 1.465821 -6.383106
v -7.500000 0.645992 -6.487989
v -7.500000 1.885382 1.130529
v -7.500000 1.468032 1.112044
v -7.500000 1.468032 -1.399753
v -7.500000 0.659989 0.000000
v -7.500000 1.115839 -1.624437
v -7.500000 2.283727 1.649663
v -7.500000 1.885382 2.339616
v -7.500000 0.464568 0.372395
v -7.500000 -2.002225 0.518018
v -7.500000 0.464568 -0.372395
v -7.500000 0.989965 -2.022782
v -7.500000 0.088314 -0.389296
v -7.500000 -2.217264 -4.250699
v -7.500000 -4.737059 -0.207813
v -6.900000 -2.025497 4.517290
v -6.900000 -2.290148 4.592107
v -6.900000 -2.123000 4.771667
v -6.900000 2.585412 -4.044449
v -6.900000 2.682736 -4.250699
v -6.900000 2.834129 -4.058199
v -6.900000 2.545182 4.540238
v -6.900000 2.545182 4.755240
v -6.900000 -4.957404 -0.386032
v -6.900000 -4.941594 -0.116400
v -6.900000 -4.737059 -0.207813
v -6.900000 -4.733780 -0.282547
v -6.900000 -2.095415 -4.042157
v -6.900000 -2.217264 -4.250699
v -6.900000 -2.350190 -4.058199
v -6.900000 5.442372 -0.409289
v -6.900000 5.189678 -0.372409
v -6.900000 5.198927 -0.170404
v -6.900000 5.428756 -0.137874
v -6.700000 1.468032 1.112044
v -6.700000 1.885382 1.130529
v -6.700000 2.283727 1.649663
v -6.700000 2.272483 1.905893
v -6.700000 1.885382 2.339616
v -6.700000 1.468032 2.358102
v -7.000000 0.464568 -0.372395
v -7.000000 0.088314 -0.389296
v -7.000000 0.046943 0.000000
v -7.000000 0.088314 0.389296
v -7.000000 0.464568 0.372395
v -7.000000 0.477517 0.000000
v -6.700000 1.115839 -2.421127
v -6.700000 1.115839 -1.624437
v -6.700000 2.279979 -2.022782
v -6.700000 -2.815680 -0.395927
v -6.700000 -2.815680 0.264073
v -6.700000 -1.672527 0.264073
v -6.700000 -1.599096 -0.065927
v -6.700000 -1.672527 -0.395927
v -12.377547 -7.088613 5.906654
v -12.400135 -7.525364 5.427706
v -12.347023 -8.605225 3.491374
v -13.025933 -8.447503 3.400313
v -13.043206 -6.955509 5.849052
v -13.021999 -7.566150 5.451254
v -7.034472 -3.942591 0.683931
v -6.986916 -2.405701 3.145238
v -6.846270 -5.554887 1.614791
v -6.771270 -4.018284 4.076264
v -6.821270 -1.869710 2.912764
v -6.771270 -3.458386 0.519845
v -6.771270 -3.166915 0.351564
v -7.645717 -3.452001 0.400689
v -7.645717 -1.952001 2.998765
v -8.436451 -2.058496 3.060250
v -8.436451 -3.558496 0.462174
v -9.099670 -2.349275 3.112661
v -9.099670 -3.749275 0.687789
v -9.953992 -2.492273 3.310691
v -9.835930 -3.990787 0.827227
v -10.366829 -3.123208 3.559491
v -10.397059 -4.557489 1.154413
v -11.195511 -3.274633 3.646916
v -10.991645 -4.501420 1.006571
v -11.936812 -3.649525 3.978830
v -11.936812 -5.149525 1.380754
v -12.351275 -4.197751 4.179879
v -12.351275 -5.597751 1.755008
v -12.970658 -4.704829 4.588110
v -12.835048 -6.135673 2.065577
v -12.922211 -5.487814 4.953565
v -13.248110 -6.716123 2.400700
v -13.585522 -5.932160 5.181241
v -13.429377 -7.530461 2.870859
v -13.843250 -6.576419 5.553204
v -13.966024 -8.087566 3.077033
v -14.018212 -8.641196 3.512142
v -14.018212 -7.241196 5.937013
v -12.388426 -7.334412 5.990831
v -12.972275 -7.436882 6.049992
v -13.387099 -7.347169 6.064179
v -13.427315 -7.023413 5.836936
v -13.369516 -6.469508 5.491478
v -13.140765 -5.956203 5.195121
v -12.535554 -5.038898 4.665516
v -12.561801 -5.469452 4.960284
v -12.391239 -5.119789 4.789197
v -12.033440 -5.024798 4.830580
v -11.957432 -5.484216 4.922620
v -11.972035 -4.575608 4.441336
v -12.317727 -4.709268 4.475203
v -11.787092 -4.191105 4.176042
v -11.407922 -3.877077 3.994738
v -10.596352 -3.338219 3.683628
v -10.881916 -3.602138 3.836002
v -9.925840 -3.115635 3.555119
v -10.007260 -3.321820 3.674160
v -9.595371 -3.369632 3.701765
v -10.088162 -3.532240 3.911117
v -9.389001 -3.585552 3.826426
v -9.474786 -2.880123 3.534616
v -8.617840 -2.628887 3.351075
v -7.958923 -2.520038 3.211251
v -8.349803 -2.535417 3.220130
v -7.520334 -2.470926 3.182896
v -6.571270 -1.766915 2.776435
v -6.571270 -4.018284 4.076264
v -7.501955 -2.623164 3.347770
v -7.979516 -2.646454 3.399707
v -7.902032 -2.937403 3.498405
v -7.372768 -3.002177 3.489613
v -7.753551 -3.299915 3.661513
v -7.429519 -3.397161 3.717658
v -7.450520 -3.558139 3.900409
v -9.022632 -2.890311 3.455820
v -8.766582 -2.725131 3.329661
v -8.515607 -2.966301 3.534884
v -8.870132 -3.378444 3.706852
v -8.349551 -3.344441 3.687220
v -8.995572 -3.524496 3.989124
v -8.418306 -3.670706 3.904457
v -10.021420 -3.886671 4.138841
v -9.370434 -3.959673 4.042424
v -11.022422 -3.885431 4.018806
v -10.444391 -3.953003 4.038574
v -10.602989 -4.558854 3.939448
v -10.484531 -4.494730 4.466810
v -10.144576 -4.638872 3.873418
v -10.107801 -4.434838 4.425439
v -11.815566 -4.293079 4.234916
v -11.580723 -4.460990 4.331860
v -11.501440 -4.934105 4.605013
v -11.003771 -4.493157 4.515389
v -10.946991 -4.980411 4.631748
v -11.484032 -5.592299 5.057950
v -11.783050 -5.759914 5.081794
v -12.973693 -6.080170 5.295562
v -13.082733 -6.373659 5.487460
v -12.572593 -6.543553 5.534228
v -12.480201 -5.999432 5.335550
v -11.966206 -6.018294 5.436250
v -11.966603 -6.421842 5.528108
v -13.526460 -6.892885 5.735916
v -6.571270 -3.166915 0.351564
v -6.496270 -5.554887 1.614791
v -11.953405 -4.952254 3.537771
v -12.013461 -5.484407 2.767289
v -11.971158 -5.959083 1.945858
v -11.913386 -5.379821 2.706907
v -11.802056 -5.004820 3.972469
v -11.498717 -4.988074 3.962801
v -11.537547 -6.534265 2.157141
v -11.596303 -5.923410 1.943027
v -11.345713 -5.299661 4.142696
v -10.980993 -5.317076 4.152750
v -10.929447 -6.480330 2.179482
v -11.053720 -6.456194 2.250630
v -10.957178 -5.127017 4.043020
v -11.029561 -6.075199 1.938287
v -11.709041 -4.896120 3.505362
v -11.709041 -5.362787 2.697071
v -11.808015 -5.651105 1.785812
v -11.808015 -5.184438 2.594102
v -11.760348 -5.555053 1.730356
v -11.806288 -4.696621 3.390181
v -11.491332 -5.500087 1.583152
v -11.306841 -5.203948 1.527646
v -11.284375 -4.260115 3.138164
v -11.284375 -4.726781 2.329873
v -10.942230 -5.084943 1.458938
v -10.991279 -4.684164 2.305268
v -11.058224 -4.792117 2.367595
v -11.052279 -5.441082 1.587575
v -11.119032 -4.287578 3.154020
v -10.957415 -4.347253 3.592823
v -10.514665 -4.468691 3.662935
v -10.762680 -5.669387 1.796367
v -10.460321 -5.943741 1.855791
v -10.300380 -4.759832 3.831025
v -10.202485 -4.756071 3.828854
v -10.131591 -5.932605 1.855960
v -10.165292 -4.550541 3.710192
v -10.368991 -5.369032 1.565222
v -10.554396 -4.165008 3.487604
v -10.610889 -5.063894 1.369805
v -10.165826 -5.656696 1.789040
v -10.880217 -4.105190 3.048718
v -10.895374 -4.493175 2.195001
v -10.285722 -3.657265 2.790109
v -10.285722 -4.123931 1.981819
v -9.935987 -4.548354 1.149138
v -9.960948 -4.088858 1.961568
v -10.015055 -4.992603 1.359437
v -10.066104 -3.776848 2.859150
v -10.006280 -3.674054 2.844730
v -9.946910 -3.911864 3.341451
v -9.405806 -4.122150 3.462860
v -9.402856 -5.450056 1.608962
v -9.352829 -4.291718 3.560760
v -9.401234 -4.988594 1.403311
v -9.583998 -3.673852 3.204035
v -9.653952 -4.724316 1.250730
v -9.854774 -3.487627 2.692168
v -9.535821 -4.520126 0.948088
v -9.341672 -4.189699 0.942068
v -8.998891 -3.210680 2.532273
v -8.998891 -3.677347 1.723982
v -8.955699 -4.172281 0.932013
v -8.914319 -3.722594 1.750107
v -8.941332 -3.787349 1.787493
v -9.041506 -4.428727 1.014089
v -8.932328 -3.299098 2.583321
v -8.948609 -3.464045 3.082902
v -8.895263 -5.012478 1.301630
v -8.771658 -3.798542 3.276024
v -8.416777 -5.059372 1.444174
v -8.422869 -3.950755 3.363905
v -8.321718 -3.750382 3.248219
v -8.475579 -3.421912 3.058577
v -8.522516 -4.402917 0.978568
v -8.348972 -4.746182 1.263354
v -8.727361 -3.333868 2.603396
v -8.727361 -3.800535 1.795105
v -8.573099 -3.994115 0.829148
v -8.705703 -3.567762 1.660714
v -8.705703 -3.101095 2.469004
v -7.917013 -3.996350 0.830438
v -7.909340 -3.027838 2.426709
v -7.909340 -3.494504 1.618418
v -7.873901 -3.153804 2.903785
v -7.785138 -3.529313 3.120585
v -7.975466 -4.545297 1.015407
v -7.457155 -5.014096 1.337206
v -7.385392 -3.572044 3.145256
v -7.443282 -3.821479 3.289267
v -7.342710 -4.467393 1.102395
v -7.466600 -3.094719 2.869672
v -7.564540 -4.019224 0.843645
v -7.302677 -4.732974 1.255729
v -7.560392 -3.005212 2.413646
v -7.560392 -3.471878 1.605355
v -7.415874 -3.964033 0.719405
v -13.382483 -7.785924 5.173791
v -13.382483 -8.252590 4.365501
v -13.428901 -8.519947 3.442139
v -13.439206 -7.513750 5.016651
v -13.439206 -7.980417 4.208361
v -13.017554 -8.946045 3.595770
v -13.276801 -7.664617 5.508104
v -12.488413 -8.929060 3.562870
v -13.388773 -7.897657 3.082859
v -13.312621 -6.823564 4.618172
v -13.312621 -7.290230 3.809882
v -13.062032 -7.541832 2.877423
v -13.199224 -7.245028 3.783784
v -13.099506 -7.259833 3.792332
v -13.006233 -7.981846 2.999500
v -13.149365 -6.785765 4.596348
v -13.077295 -6.525008 4.445801
v -13.077295 -6.991674 3.637510
v -12.984249 -7.359457 2.618169
v -12.810318 -5.865525 4.065048
v -12.832598 -6.342984 3.262989
v -12.875653 -6.940913 2.497492
v -12.765758 -6.310607 3.244296
v -12.573762 -6.907857 2.460078
v -12.689419 -6.305268 3.241214
v -12.594362 -6.335268 3.258534
v -12.641891 -5.853602 4.058165
v -12.517170 -5.608198 3.916480
v -12.517170 -6.074864 3.108190
v -12.480544 -6.587598 2.326496
v -12.460691 -6.447838 2.153430
v -11.959710 -7.929081 2.991031
v -12.024030 -6.653750 4.924480
v -12.447021 -6.430898 4.795816
v -12.435645 -7.542544 2.877835
v -12.883711 -6.614459 4.901795
v -12.070298 -7.693636 2.965068
v -12.801475 -6.786842 5.001320
v -12.400280 -6.850908 5.038309
v -12.514635 -8.092800 3.080055
v -12.063917 -6.791756 5.004157
v -11.485569 -7.056476 2.524275
v -11.552337 -5.944103 4.514764
v -11.650209 -5.744498 4.399523
v -12.015744 -5.585012 4.307444
v -12.054934 -6.676868 2.378036
v -11.920304 -7.045775 2.591025
v -12.420037 -5.847125 4.458774
v -11.954440 -6.030816 4.564828
v -12.373387 -6.173955 2.087679
v -13.027002 -8.363354 3.120789
v -13.399434 -9.006968 3.492380
v -13.309502 -8.358252 3.117844
v -14.247454 -8.889490 3.424554
v -12.490707 -8.407194 3.146100
v -12.198094 -8.535250 3.220033
v -12.100893 -8.668497 3.296964
v -12.135008 -8.864458 3.410102
v -13.843574 -7.527183 2.638026
v -13.514739 -6.883014 2.266114
v -13.106268 -6.273985 1.914492
v -12.623092 -5.707453 1.587404
v -12.006419 -6.460506 2.022180
v -11.517183 -5.795456 1.638213
v -11.456804 -4.728653 1.022294
v -10.486924 -4.985735 1.170720
v -11.047931 -5.852027 1.670874
v -10.014460 -5.513893 1.475652
v -9.938106 -5.870766 1.681693
v -10.072054 -3.993759 0.598003
v -9.318272 -3.729349 0.445345
v -8.396183 -4.221191 0.729310
v -8.130513 -4.173945 0.702033
v -8.001407 -4.962437 1.157269
v -7.152538 -4.502097 0.891491
v -7.138143 -4.962468 1.157287
v -7.227259 -5.142285 1.261104
v -6.921270 -3.383828 0.245859
v -6.421270 -3.093710 0.078359
v -6.921270 -3.093710 0.078359
v -9.088512 -4.951411 1.150903
v -8.447292 -5.364350 1.389314
v -8.138388 -5.171478 1.277958
v -8.203405 -5.288547 1.345549
v -10.225347 -5.021059 1.191115
v -9.353031 -4.831839 1.081868
v -9.120358 -5.514712 1.476125
v -10.702067 -6.462289 2.023209
v -12.496492 -7.411393 2.571174
v -11.986899 -7.522329 2.635223
v -11.558463 -6.793534 2.214453
v -11.459660 -7.351488 2.536588
v -6.921270 -4.091489 4.349469
v -6.421270 -4.091489 4.349469
v -6.421270 -1.493710 2.849640
v -6.921270 -1.493710 2.849640
v -9.318272 -2.129349 3.216626
v -10.787779 -2.728207 3.562377
v -11.456804 -3.128653 3.793575
v -12.623092 -4.107453 4.358685
v -13.514739 -5.283014 5.037396
v -13.843574 -5.927183 5.409307
v -14.088799 -6.598712 5.797014
v -14.247454 -7.289490 6.195835
v -7.082027 -2.479482 3.418776
v -12.872749 -5.721562 5.290592
v -13.286815 -6.682458 5.845366
v -13.041666 -6.549183 5.768419
v -12.519469 -6.629043 5.814526
v -12.048948 -6.580365 5.786421
v -13.289474 -7.459068 6.293741
v -12.975368 -7.518897 6.328284
v -12.446340 -7.456374 6.292186
v -12.171910 -7.318372 6.212511
v -12.127868 -7.071011 6.069697
v -12.415731 -5.675458 5.263974
v -11.588211 -5.083249 4.922062
v -11.520282 -5.788071 5.328991
v -11.368727 -5.696613 5.276187
v -11.470153 -4.104431 4.356941
v -10.939398 -5.093318 4.927875
v -10.698671 -4.894461 4.813064
v -10.468045 -3.468919 3.990028
v -11.099732 -4.086047 4.346327
v -9.982475 -4.100761 4.354822
v -9.433381 -3.165563 3.814885
v -9.463757 -4.068441 4.336162
v -9.072378 -3.834235 4.200943
v -9.155853 -4.003064 4.298417
v -9.143104 -3.165046 3.814587
v -8.106241 -3.101120 3.777679
v -8.086152 -3.496225 4.005793
v -8.443472 -3.775331 4.166935
v -7.152538 -2.902097 3.662773
v -7.100573 -3.182769 3.824819
v -7.169815 -3.452347 3.980460
v -6.300000 3.880407 4.586886
v -5.800000 3.880407 4.586887
v -5.800000 3.876309 4.913045
v -6.300000 3.876309 4.913045
v -5.800000 3.642921 4.798304
v -6.300000 3.642921 4.798304
v -5.800000 3.604148 4.547930
v -6.300000 3.604148 4.547930
v -6.300000 6.095495 1.356968
v -5.800000 6.095495 1.356968
v -6.300000 6.052035 1.082498
v -5.800000 6.052035 1.082498
v -6.300000 6.370769 1.114902
v -5.800000 6.370769 1.114902
v -6.300000 6.290170 1.311699
v -5.800000 6.358979 1.452786
v -5.800000 3.418469 1.890044
v -5.800000 4.702776 4.717838
v -5.800000 3.529033 5.467987
v -5.800000 2.755298 4.567113
v -5.800000 3.152411 1.877177
v -5.800000 2.505785 4.504442
v -5.800000 6.232729 2.498878
v -5.800000 6.596033 0.461775
v -5.800000 6.426891 0.004941
v -5.800000 5.991784 -0.577414
v -5.800000 5.438524 -0.120955
v -5.800000 5.181832 -0.157287
v -5.800000 5.727294 3.471587
v -5.800001 5.802918 3.348600
v -5.800000 5.876099 3.224144
v -5.800000 5.253850 4.126622
v -5.800000 3.405602 1.623985
v -5.800000 4.470167 -1.249254
v -5.800000 4.032736 -1.249254
v -5.800000 3.773917 -1.283328
v -5.800000 2.930148 5.507180
v -5.800000 2.545182 4.767661
v -5.800000 2.541392 5.401498
v -5.800000 2.044775 5.064493
v -5.800000 1.831747 4.703994
v -5.800000 1.635721 4.419975
v -5.800000 1.950274 1.977013
v -5.800000 1.491581 2.081251
v -5.800000 1.362480 4.209186
v -5.800000 1.029956 4.116876
v -5.800000 1.234113 1.842482
v -5.800000 -0.495185 4.147646
v -5.800000 1.227043 1.681368
v -5.800000 0.126866 -0.000000
v -5.800000 0.394576 -0.000000
v -5.800000 -1.870190 0.034263
v -5.800000 -1.055450 4.514648
v -5.800000 -2.014100 4.508545
v -5.800000 -1.253421 4.925445
v -5.800000 -1.691797 5.253247
v -5.800000 -2.198672 5.459898
v -5.800000 -2.123000 4.792655
v -5.800000 -2.741279 5.532039
v -5.800000 -2.309685 4.592107
v -5.800000 -3.284542 5.465007
v -5.800000 -4.043192 4.894413
v -5.800000 -2.952126 1.928453
v -5.800000 -4.710644 4.219405
v -5.800000 -5.272661 3.454379
v -5.800000 -4.966763 -0.094309
v -5.800000 -5.717256 2.615651
v -5.800000 -6.034947 1.721112
v -5.800000 -6.103737 0.284968
v -5.800000 -5.879057 -0.181604
v -5.800000 -6.218958 0.789840
v -5.800000 -5.556183 -0.586479
v -5.800000 -4.983887 -0.404630
v -5.800000 -5.151308 -0.909353
v -5.800000 -4.684736 -1.134034
v -5.800000 -4.720043 -0.312018
v -5.800000 -4.179864 -1.249254
v -5.800000 -4.726065 -0.176063
v -5.800000 -2.936956 1.638989
v -5.800000 -3.567264 -1.249254
v -5.800000 -2.618017 0.034263
v -5.800000 -3.308445 -1.283328
v -5.800000 -2.963711 -1.462688
v -5.800000 -2.486043 -0.381229
v -5.800000 -2.701239 -1.749254
v -5.800000 -2.050551 -0.401169
v -5.800000 -2.584301 -2.119845
v -5.800000 -2.073860 -4.019774
v -5.800000 -2.567264 -5.867143
v -5.800000 -2.375008 -4.037432
v -5.800000 -1.800242 -6.175036
v -5.800000 -2.189441 -4.269536
v -5.800000 -2.272910 -4.265873
v -5.800000 -1.000349 -6.383106
v -5.800000 -0.180520 -6.487989
v -5.800000 0.115878 -3.537914
v -5.800000 0.645992 -6.487989
v -5.800000 1.465821 -6.383106
v -5.800000 0.370841 -3.537914
v -5.800000 2.265714 -6.175036
v -5.800000 2.555920 -4.005670
v -5.800000 1.534782 -2.396696
v -5.800000 1.885447 -2.349207
v -5.800000 2.022076 -2.022782
v -5.800000 3.049773 -2.119845
v -5.800000 3.032736 -5.867143
v -5.800000 2.682736 -4.268315
v -5.800000 2.851824 -4.058199
v -5.800000 3.166711 -1.749254
v -5.800000 1.885447 -1.696357
v -5.800000 1.970214 1.541521
v -5.800000 1.534782 -1.648868
v -5.800000 1.491581 1.388894
v -5.800000 3.429183 -1.462688
v -5.800000 3.163758 1.635333
v -5.800000 5.171502 -0.382903
v -5.800000 4.952596 -1.181663
v -5.800000 5.409429 -1.012520
v -5.800000 5.453732 -0.424094
v -5.800000 -2.696527 1.865531
v -5.800000 -2.139133 0.325826
v -5.800000 -2.704210 1.694507
v -5.800000 -2.401558 0.314203
v -5.800000 1.229399 -2.022782
v -5.800000 1.275572 -2.022782
v -6.300000 0.126866 0.000000
v -6.300000 0.394576 0.000000
v -6.300000 2.555920 -4.005670
v -6.300000 2.851824 -4.058199
v -6.300000 2.682736 -4.268315
v -6.300000 -2.123000 4.792655
v -6.300000 -2.014100 4.508545
v -6.300000 -2.309685 4.592107
v -6.300000 5.438524 -0.120955
v -6.300000 5.453732 -0.424094
v -6.300000 5.171502 -0.382903
v -6.300000 5.181832 -0.157287
v -6.300000 -2.375008 -4.037432
v -6.300000 -2.073860 -4.019774
v -6.300000 -2.189441 -4.269536
v -6.300000 -2.272910 -4.265873
v -6.300000 -4.966763 -0.094309
v -6.300000 -4.726065 -0.176063
v -6.300000 -4.720043 -0.312018
v -6.300000 -4.983887 -0.404630
v -6.300000 2.545182 4.767661
v -6.300000 2.505785 4.504442
v -6.300000 2.755298 4.567113
v -6.300000 2.044775 5.064493
v -6.300000 1.831747 4.703994
v -6.300000 1.635721 4.419975
v -6.300000 1.362480 4.209186
v -6.300000 1.029956 4.116876
v -6.300000 -0.495185 4.147646
v -6.300000 -1.055450 4.514648
v -6.300000 -1.253421 4.925445
v -6.300000 1.491581 2.081251
v -6.300000 1.950274 1.977012
v -6.300000 1.970214 1.541521
v -6.300000 1.491581 1.388894
v -6.300000 1.227043 1.681368
v -6.300000 1.234113 1.842482
v -6.300000 1.534782 -1.648868
v -6.300000 1.885447 -1.696357
v -6.300000 2.022076 -2.022782
v -6.300000 1.885447 -2.349207
v -6.300000 1.534782 -2.396696
v -6.300000 1.275572 -2.022782
v -6.300000 1.229399 -2.022782
v -6.300000 -2.401558 0.314203
v -6.300000 -2.139133 0.325826
v -6.300000 -1.870190 0.034263
v -6.300000 -2.050551 -0.401169
v -6.300000 -2.486043 -0.381229
v -6.300000 -2.618017 0.034263
v -6.300000 3.418469 1.890044
v -6.300000 3.152411 1.877177
v -6.300000 4.737588 4.684616
v -6.300000 3.529033 5.467987
v -6.300000 2.930148 5.507180
v -6.300000 6.195045 2.587464
v -6.300000 6.483569 1.781299
v -6.300000 6.596033 0.461775
v -6.300000 6.426891 0.004941
v -6.300000 5.991784 -0.577414
v -6.300000 5.803059 3.348711
v -6.300000 3.166711 -1.749254
v -6.300000 3.163758 1.635333
v -6.300000 0.115878 -3.537914
v -6.300000 0.370841 -3.537914
v -6.300000 3.049773 -2.119845
v -6.300000 1.465821 -6.383106
v -6.300000 0.645992 -6.487989
v -6.300000 -0.180520 -6.487989
v -6.300000 -1.000349 -6.383106
v -6.300000 -2.584301 -2.119845
v -6.300000 2.265714 -6.175036
v -6.300000 3.032736 -5.867143
v -6.300000 -2.198672 5.459898
v -6.300000 -2.741279 5.532039
v -6.300000 -3.284542 5.465007
v -6.300000 -2.952126 1.928453
v -6.300000 -2.696527 1.865531
v -6.300000 -1.691797 5.253247
v -6.300000 5.314414 4.051828
v -6.300000 3.405602 1.623985
v -6.300000 4.470167 -1.249254
v -6.300000 4.032736 -1.249254
v -6.300000 4.952596 -1.181663
v -6.300000 5.409429 -1.012520
v -6.300000 -2.567264 -5.867143
v -6.300000 -1.800242 -6.175036
v -6.300000 -5.717256 2.615651
v -6.300000 -5.272661 3.454379
v -6.300000 -2.936956 1.638989
v -6.300000 -4.179864 -1.249254
v -6.300000 -4.684736 -1.134034
v -6.300000 -5.151308 -0.909353
v -6.300000 -5.556183 -0.586479
v -6.300000 -5.879057 -0.181604
v -6.300000 -6.103737 0.284968
v -6.300000 -6.034947 1.721112
v -6.300000 -6.218958 0.789840
v -6.300000 2.541392 5.401498
v -6.300000 -2.701239 -1.749254
v -6.300000 -2.963711 -1.462688
v -6.300000 -3.308445 -1.283328
v -6.300000 -3.567264 -1.249254
v -6.300000 -2.704210 1.694507
v -6.300000 -4.710644 4.219405
v -6.300000 -4.043192 4.894413
v -6.300000 3.773917 -1.283328
v -6.300000 3.429183 -1.462688
v -6.300000 0.582414 -1.458303
v -5.900000 0.582414 -1.458303
v -6.300000 0.027667 -1.472202
v -5.900000 0.027667 -1.472202
v -6.300000 -0.401260 -1.351453
v -5.900000 -0.401260 -1.351453
v -6.300000 -0.595414 -1.239358
v -5.900000 -0.595414 -1.239358
v -6.300000 -0.846937 -1.017406
v -5.900000 -0.846937 -1.017406
v -6.300000 -1.136348 -0.543931
v -5.900000 -1.136348 -0.543931
v -6.300000 -1.246240 0.000000
v -5.900000 -1.246240 0.000000
v -6.300000 -1.179785 0.440897
v -5.900000 -1.179785 0.440897
v -6.300000 -0.914449 0.928271
v -5.900000 -0.914449 0.928271
v -6.300000 -0.595414 1.239358
v -5.900000 -0.595414 1.239358
v -6.300000 -0.401260 1.351453
v -5.900000 -0.401260 1.351453
v -6.300000 0.027667 1.472202
v -5.900000 0.027667 1.472202
v -6.300000 0.582414 1.458303
v -5.900000 0.582414 1.458303
v -6.300000 0.900392 1.351453
v -5.900000 0.900392 1.351453
v -6.300000 1.094546 1.239358
v -5.900000 1.094546 1.239358
v -6.300000 1.413581 0.928271
v -5.900000 1.413581 0.928271
v -6.300000 1.678918 0.440897
v -5.900000 1.678918 0.440897
v -6.300000 1.745372 0.000000
v -5.900000 1.745372 0.000000
v -6.300000 1.635480 -0.543931
v -5.900000 1.635480 -0.543931
v -6.300000 1.346069 -1.017406
v -5.900000 1.346069 -1.017406
v -6.300000 1.094546 -1.239358
v -5.900000 1.094546 -1.239358
v -6.300000 0.900392 -1.351453
v -5.900000 0.900392 -1.351453
v -5.900000 0.126866 0.000000
v -6.300000 0.126866 0.000000
v -5.900000 0.394576 0.000000
v -6.300000 0.394576 0.000000
v -13.399434 -1.950746 -9.831305
v -13.034594 -1.950746 -8.924979
v -13.309502 -1.950746 -9.082232
v -14.247454 -1.950746 -9.695653
v -14.103032 -1.950746 -8.954361
v -12.975368 -1.950746 -9.960550
v -12.502212 -1.950746 -9.056461
v -12.446340 -1.950746 -9.888354
v -12.130098 -1.950746 -9.475409
v -12.198116 -1.950746 -9.758367
v -13.883805 -1.950746 -8.231650
v -13.181771 -1.950746 -8.648693
v -12.910712 -1.950746 -7.967222
v -12.496491 -1.950746 -7.988893
v -12.025812 -1.950746 -8.024293
v -12.005709 -1.950746 -8.853289
v -11.828605 -1.950746 -8.500877
v -13.592059 -1.950746 -7.535048
v -12.792356 -1.950746 -7.723196
v -13.230830 -1.950746 -6.871810
v -12.646234 -1.950746 -7.634753
v -12.319070 -1.950746 -6.941433
v -11.973752 -1.950746 -6.996459
v -11.598126 -1.950746 -7.105656
v -11.383173 -1.950746 -7.512112
v -11.436388 -1.950746 -7.894628
v -12.803882 -1.950746 -6.248844
v -12.052624 -1.950746 -6.681885
v -12.315662 -1.950746 -5.672639
v -11.470153 -1.950746 -6.017863
v -11.771254 -1.950746 -5.149197
v -11.075143 -1.950746 -6.118207
v -10.879948 -1.950746 -6.506697
v -10.939398 -1.950746 -7.159732
v -10.569027 -1.950746 -6.531657
v -10.698671 -1.950746 -6.930112
v -11.221465 -1.950746 -5.731399
v -11.176330 -1.950746 -4.683969
v -10.524769 -1.950746 -5.429640
v -10.537086 -1.950746 -4.281802
v -10.411321 -1.950746 -5.138435
v -10.113609 -1.950746 -5.575610
v -9.950096 -1.950746 -6.005742
v -10.065063 -1.950746 -6.435594
v -9.860180 -1.950746 -3.946885
v -9.521477 -1.950746 -4.673828
v -10.225347 -1.950746 -5.228774
v -9.433381 -1.950746 -4.933753
v -9.463757 -1.950746 -5.976306
v -9.139577 -1.950746 -5.088216
v -9.011286 -1.950746 -5.531219
v -9.155853 -1.950746 -5.900815
v -9.152663 -1.950746 -3.682705
v -9.186763 -1.950746 -4.632982
v -8.419807 -1.950746 -4.452417
v -8.020181 -1.950746 -5.017623
v -8.447292 -1.950746 -5.625173
v -8.160159 -1.950746 -5.431021
v -8.421905 -1.950746 -3.492015
v -8.122007 -1.950746 -4.438498
v -8.041632 -1.950746 -4.234045
v -7.675515 -1.950746 -3.376801
v -7.403256 -1.950746 -4.155889
v -6.921270 -1.950746 -3.338262
v -7.082027 -1.950746 -4.141534
v -7.279922 -1.950746 -4.321212
v -7.152538 -1.950746 -4.629529
v -7.476156 -1.950746 -5.432059
v -7.123206 -1.950746 -5.112248
v -7.205107 -1.950746 -5.338242
v -6.421270 -1.950746 -3.003262
v -6.921270 -1.950746 -3.003262
v -6.921270 -1.950746 -6.002920
v -6.421270 -1.950746 -6.002920
v -13.181771 1.619254 -8.648693
v -13.034594 1.619254 -8.924979
v -12.502212 1.619254 -9.056461
v -12.005709 1.619254 -8.853289
v -11.828605 1.619254 -8.500877
v -12.025812 1.619254 -8.024293
v -12.496491 1.619254 -7.988893
v -12.910712 1.619254 -7.967222
v -13.309502 1.619254 -9.082232
v -13.399434 1.619254 -9.831305
v -12.975368 1.619254 -9.960550
v -12.446340 1.619254 -9.888354
v -12.198116 1.619254 -9.758367
v -12.130098 1.619254 -9.475409
v -14.247454 1.619254 -9.695653
v -6.921270 1.619254 -3.338262
v -7.675515 1.619254 -3.376801
v -8.421905 1.619254 -3.492015
v -9.152663 1.619254 -3.682705
v -9.860180 1.619254 -3.946885
v -10.537086 1.619254 -4.281802
v -11.176330 1.619254 -4.683969
v -11.771254 1.619254 -5.149197
v -12.315662 1.619254 -5.672639
v -12.803882 1.619254 -6.248844
v -13.230830 1.619254 -6.871810
v -13.592059 1.619254 -7.535048
v -13.883805 1.619254 -8.231650
v -14.103032 1.619254 -8.954361
v -6.921270 1.619254 -3.003262
v -6.421270 1.619254 -3.003262
v -6.421270 1.619254 -6.002920
v -6.921270 1.619254 -6.002920
v -7.082027 1.619254 -4.141534
v -7.403256 1.619254 -4.155889
v -8.041632 1.619254 -4.234045
v -8.122007 1.619254 -4.438498
v -8.020181 1.619254 -5.017623
v -7.476156 1.619254 -5.432059
v -7.205107 1.619254 -5.338242
v -7.123206 1.619254 -5.112248
v -7.152538 1.619254 -4.629529
v -7.279922 1.619254 -4.321212
v -8.419807 1.619254 -4.452417
v -9.186763 1.619254 -4.632982
v -9.139577 1.619254 -5.088216
v -9.011286 1.619254 -5.531219
v -8.447292 1.619254 -5.625173
v -8.160159 1.619254 -5.431021
v -9.521477 1.619254 -4.673828
v -10.411321 1.619254 -5.138435
v -10.225347 1.619254 -5.228774
v -10.113609 1.619254 -5.575610
v -9.950096 1.619254 -6.005742
v -9.463757 1.619254 -5.976306
v -9.155853 1.619254 -5.900815
v -9.433381 1.619254 -4.933753
v -10.524769 1.619254 -5.429640
v -11.221465 1.619254 -5.731399
v -11.075143 1.619254 -6.118207
v -10.569027 1.619254 -6.531657
v -10.065063 1.619254 -6.435594
v -11.470153 1.619254 -6.017863
v -12.052624 1.619254 -6.681885
v -11.973752 1.619254 -6.996459
v -11.598126 1.619254 -7.105656
v -10.939398 1.619254 -7.159732
v -10.698671 1.619254 -6.930111
v -10.879948 1.619254 -6.506697
v -12.319070 1.619254 -6.941433
v -12.646234 1.619254 -7.634753
v -11.436388 1.619254 -7.894628
v -11.383173 1.619254 -7.512113
v -12.792356 1.619254 -7.723196
v -6.986916 2.844601 3.080057
v -6.933005 4.157772 0.605055
v -6.771270 4.457184 4.011083
v -6.846270 5.993787 1.549609
v -6.771270 2.497287 2.879536
v -6.771270 3.605815 0.286383
v -6.771270 2.205815 2.711254
v -7.645717 2.390902 2.933585
v -7.558124 3.920373 0.467994
v -8.436451 3.997397 0.396993
v -8.436451 2.497397 2.995069
v -9.099670 4.188175 0.622609
v -9.099670 2.788175 3.047480
v -9.835930 4.429688 0.762046
v -9.835930 3.029688 3.186917
v -10.537339 4.739375 0.940844
v -10.397059 3.596390 3.514103
v -11.195511 5.113533 1.156865
v -11.195511 3.713533 3.581736
v -11.802576 5.547689 1.407525
v -11.936812 4.088425 3.913650
v -12.487184 6.091502 1.606025
v -12.351275 4.636651 4.114698
v -12.970658 6.643729 1.924854
v -12.970658 5.143729 4.522930
v -12.942168 7.201902 2.362585
v -12.916715 5.952686 4.925832
v -13.585522 7.771061 2.691189
v -13.585522 6.371061 5.116060
v -13.966024 8.526466 3.011852
v -13.966024 7.026466 5.609929
v -14.132833 7.704244 6.001244
v -14.018212 9.080097 3.446961
v -6.571270 3.605815 0.286383
v -6.496270 5.993787 1.549609
v -7.475648 4.382970 0.677339
v -8.021837 4.422349 0.691827
v -7.858161 4.542332 0.827082
v -7.558247 4.522984 0.815911
v -7.954710 5.032869 0.994823
v -7.332747 4.971998 1.075149
v -7.499358 5.589007 1.229307
v -7.425038 5.364318 1.301655
v -8.416913 4.526474 0.702456
v -8.692966 4.548595 0.830697
v -8.962584 4.631141 0.878356
v -9.037183 4.993120 1.000742
v -8.423332 4.962940 0.992940
v -8.780143 5.514529 1.272909
v -8.413073 5.499366 1.379626
v -9.428095 4.658685 0.894258
v -9.943586 5.000114 1.091382
v -10.139713 5.448301 1.196183
v -9.546639 5.047757 0.934137
v -9.945107 5.464642 1.359578
v -9.444369 5.262645 1.127485
v -9.413575 5.574803 1.423179
v -9.387378 5.911187 1.549467
v -10.424536 5.092659 1.144813
v -10.948989 5.536655 1.401154
v -11.041288 5.945764 1.538379
v -10.491314 5.710088 1.424306
v -10.460760 5.963026 1.647320
v -10.594700 6.216698 1.793777
v -10.028816 6.006967 1.474740
v -10.334645 6.369962 1.824530
v -10.143370 6.091898 1.890067
v -10.169278 6.370667 1.813389
v -11.306841 5.642849 1.462465
v -11.516670 5.994318 1.526822
v -11.794803 6.050130 1.697609
v -11.989745 6.440307 1.903633
v -11.792658 6.192441 1.779772
v -11.593026 6.364958 1.879375
v -10.956259 6.613028 1.956616
v -11.533771 7.019553 2.103346
v -10.947229 6.952426 2.137042
v -12.373387 6.612855 2.022499
v -12.489659 6.905915 2.125714
v -12.529246 7.115946 2.312958
v -12.504928 7.443511 2.415476
v -11.981478 7.142085 2.328050
v -11.952266 7.576130 2.578646
v -11.480288 7.513314 2.469451
v -12.947084 7.490005 2.490432
v -13.050632 7.822288 2.628389
v -13.312621 8.195797 2.936411
v -13.035109 8.056177 2.855801
v -13.042477 8.481773 2.916767
v -12.551344 8.496649 3.017732
v -12.436991 7.981059 2.812432
v -12.037663 8.167672 2.920173
v -11.970905 8.399336 2.945246
v -13.418502 8.543240 3.090819
v -13.409161 8.996014 3.398416
v -13.078437 8.961659 3.378581
v -12.962106 9.389455 3.425422
v -12.337646 9.065817 3.438717
v -12.539814 9.408120 3.438397
v -6.571270 2.205815 2.711254
v -6.571270 4.457184 4.011083
v -12.439919 9.000398 3.170007
v -13.108199 8.956459 3.144639
v -13.345628 9.374671 3.386094
v -7.423675 3.100508 3.343276
v -7.082027 4.518382 0.582314
v -7.107349 3.000541 3.401029
v -8.047419 3.084362 3.391689
v -8.076747 4.758473 0.720930
v -7.946968 3.485974 3.549328
v -8.033812 3.720160 3.816502
v -8.047067 5.471017 1.132318
v -8.103599 4.006780 3.981982
v -7.476156 4.036009 3.998858
v -7.169815 3.891247 3.915279
v -7.169815 5.491247 1.143998
v -7.100573 3.621669 3.759638
v -7.135216 5.034555 0.880326
v -7.121762 3.434979 3.651852
v -8.463006 3.125405 3.473120
v -9.021184 3.400708 3.470408
v -9.038189 4.004804 3.980841
v -9.083595 5.488390 1.142348
v -8.431508 4.141293 3.901632
v -8.447292 5.803250 1.324133
v -8.181942 5.703394 1.266481
v -8.224868 5.751501 1.294256
v -8.531215 3.436402 3.460224
v -9.517971 3.375407 3.540479
v -10.257439 3.699510 3.804580
v -10.046441 4.060989 3.920904
v -10.494143 5.463991 1.128261
v -10.083819 4.479496 4.162529
v -9.402284 4.413132 4.001045
v -9.405000 4.523297 4.280193
v -9.226790 4.501901 4.267840
v -9.120358 5.953612 1.410945
v -9.118161 4.393596 4.205311
v -9.353031 3.670740 3.787969
v -10.510167 3.949481 3.948901
v -11.029008 4.413098 4.036950
v -11.047931 4.690927 4.376974
v -11.041318 6.368538 1.650502
v -10.502115 4.985730 4.460576
v -10.613658 6.499996 1.726399
v -10.113255 4.900660 4.401839
v -9.974199 6.426502 1.683967
v -9.945451 4.639596 4.347339
v -11.507866 4.591477 4.319557
v -11.456967 4.378521 4.023402
v -12.013163 5.036499 4.398844
v -12.006419 6.899407 1.956999
v -12.024560 5.565131 4.727736
v -11.588211 5.522149 4.856881
v -10.939398 5.532218 4.862694
v -10.702067 6.901189 1.958028
v -10.706951 5.393402 4.782549
v -10.686974 5.305838 4.731994
v -10.983307 5.045487 4.466210
v -11.416343 6.253072 1.583838
v -12.371086 5.407208 4.790520
v -12.477102 5.524126 4.646327
v -12.557959 5.923517 4.926953
v -11.965803 6.049120 4.968678
v -11.964432 7.996244 2.590258
v -11.930883 6.538384 5.397416
v -11.597639 6.252965 5.278818
v -11.487711 7.809905 2.482676
v -11.516462 6.229798 5.265442
v -11.473182 6.049151 5.024681
v -11.418586 7.352124 2.218376
v -12.056688 5.433981 4.805977
v -11.972799 5.932161 2.662293
v -11.968983 5.410158 3.483562
v -11.508319 6.474097 2.615758
v -11.773419 6.295700 2.512760
v -11.523422 5.361083 4.532949
v -10.958620 6.514294 2.638966
v -10.948061 5.435749 4.576058
v -11.128952 6.193297 2.453638
v -11.558426 5.927939 2.502608
v -11.542434 4.910455 4.272779
v -11.709041 5.335019 3.440181
v -11.731178 4.858458 4.242758
v -11.792658 4.792441 4.204644
v -11.808015 5.156672 3.337212
v -11.794803 4.650130 4.122480
v -11.805682 5.644150 2.540937
v -11.284375 5.165681 2.264693
v -11.284375 4.699015 3.072984
v -11.284375 4.232348 3.881274
v -10.935477 4.152806 3.835350
v -10.966107 4.600203 3.015934
v -11.043616 4.782681 3.121288
v -11.119032 5.193145 2.280549
v -10.957415 5.602997 2.112828
v -10.477845 5.956285 2.316799
v -10.614785 4.805951 4.212443
v -10.158571 5.962340 2.320295
v -10.015401 5.532859 2.072334
v -10.472507 5.480761 2.042255
v -10.443332 4.392754 3.973885
v -10.138729 4.835306 4.229391
v -10.880217 5.010757 2.175247
v -10.862406 3.942947 3.714188
v -10.674725 3.820722 3.643621
v -10.285722 4.562832 1.916637
v -10.285722 4.096165 2.724928
v -9.935987 3.587255 3.508829
v -9.933486 4.013675 2.677302
v -10.022737 4.167778 2.766274
v -10.045568 3.851929 3.661639
v -9.960948 4.527758 1.896388
v -10.049401 4.961099 1.742228
v -10.002508 5.089247 1.816214
v -9.377417 5.491443 2.048422
v -9.443295 5.068383 1.804169
v -9.539982 3.860904 3.666820
v -9.660849 4.867171 1.687999
v -9.319471 4.145241 3.830983
v -9.254622 3.199882 3.285179
v -8.960109 4.153332 1.680213
v -8.955699 3.677848 2.483413
v -8.974727 3.195841 3.282846
v -8.993564 3.787625 2.546793
v -8.987333 4.275902 1.750978
v -8.979149 4.644398 1.559381
v -8.856989 4.945960 1.733488
v -8.833873 3.864093 3.668662
v -8.771658 5.054286 1.796029
v -8.411797 5.171458 1.863679
v -8.426056 5.256512 1.912785
v -8.371002 4.839886 1.672246
v -8.527867 4.596540 1.531750
v -8.334474 3.847908 3.659318
v -8.711117 4.064856 1.629131
v -8.727361 3.772769 2.538215
v -8.573099 3.033015 3.188839
v -8.705703 3.539995 2.403823
v -7.930120 2.991038 3.164603
v -7.909340 3.933404 1.553238
v -7.909340 3.466738 2.361528
v -7.859411 4.488452 1.469345
v -7.754336 4.844951 1.675170
v -7.436621 3.941409 3.713300
v -7.430933 4.918562 1.717669
v -7.431979 5.069588 1.804864
v -7.385301 4.520209 1.487680
v -7.342710 3.506293 3.462086
v -7.560392 3.910779 1.540175
v -7.560392 3.444112 2.348465
v -7.544555 2.964181 3.149097
v -13.382483 8.691491 4.300320
v -13.432903 7.982892 4.968931
v -13.383272 7.805919 6.059946
v -13.387949 7.522686 5.813943
v -13.439206 8.419317 4.143180
v -13.179407 7.509075 5.773093
v -13.522731 7.395313 5.707413
v -13.015382 8.585418 3.834729
v -12.872459 7.463732 5.746914
v -12.343929 7.609107 5.848611
v -12.433896 8.667066 3.881869
v -12.377628 8.857135 3.991605
v -12.438531 7.836117 6.038891
v -13.026622 8.979479 4.062241
v -13.045679 7.869710 5.981306
v -13.276801 8.920360 4.028109
v -13.332189 8.872946 3.096423
v -12.150808 9.330726 3.360722
v -12.153920 9.026642 3.185159
v -12.085399 9.192590 3.280969
v -14.247454 9.328390 3.359373
v -13.843574 7.966083 2.572845
v -13.514739 7.321914 2.200934
v -12.523412 7.895605 2.532154
v -11.796822 8.265132 2.745501
v -12.071048 5.629160 1.223622
v -11.456804 5.167553 0.957113
v -10.787779 4.767107 0.725915
v -10.072054 4.432659 0.532822
v -9.318272 4.168249 0.380164
v -7.733309 3.861430 0.203023
v -6.921270 3.822728 0.180678
v -6.421270 3.532610 0.013178
v -6.921270 3.532610 0.013178
v -13.369516 6.908408 5.426297
v -13.349060 7.760104 3.762583
v -13.332315 7.276531 4.561113
v -13.273232 7.234329 4.536748
v -13.046749 6.862858 5.492375
v -13.101319 7.050827 4.430803
v -13.061140 6.525611 5.320760
v -13.075351 7.528398 3.597704
v -13.294401 7.713644 3.735760
v -13.036573 6.493661 5.186844
v -12.832598 6.781885 3.197808
v -12.810318 6.304425 3.999868
v -12.641891 6.292502 3.992984
v -12.489767 6.971389 3.064609
v -12.551620 6.559845 3.069614
v -12.765758 6.749507 3.179115
v -12.517170 6.047098 3.851300
v -11.987514 6.900481 5.506804
v -12.034002 7.943995 3.464404
v -12.447021 7.686642 3.315821
v -12.514463 6.563158 5.226967
v -12.462061 6.376208 5.292237
v -12.896288 7.997980 3.495572
v -12.400280 8.106651 3.558314
v -12.550262 7.016310 5.565575
v -11.543562 7.150810 3.006458
v -12.015744 6.840756 2.827449
v -11.954440 7.286560 3.084833
v -11.611286 7.280421 3.081289
v -12.317727 5.148168 4.410023
v -12.975368 7.957797 6.263103
v -12.639985 7.952028 6.259772
v -12.198116 7.782702 6.162012
v -12.130098 7.537653 6.020533
v -12.526468 7.170140 5.808349
v -13.027002 7.202255 5.826891
v -13.286815 7.121359 5.780185
v -6.921270 4.530390 4.284288
v -6.921270 2.077669 2.868209
v -9.318272 2.568249 3.151446
v -10.072054 2.832659 3.304103
v -10.787779 3.167107 3.497197
v -11.456804 3.567553 3.728394
v -12.623092 4.546353 4.293505
v -13.514739 5.721914 4.972215
v -13.843574 6.366083 5.344126
v -6.421270 1.932610 2.784459
v -6.421270 4.530390 4.284288

g Body1
f 2 1 4
f 4 1 5
f 6 5 1
f 6 1 3
f 10 11 12
f 10 12 13
f 14 13 15
f 14 15 16
f 7 17 8
f 18 17 19
f 18 19 20
f 21 22 23
f 21 23 24
f 24 23 25
f 25 26 27
f 25 27 28
f 29 28 30
f 20 19 31
f 31 19 32
f 19 33 34
f 19 34 32
f 32 34 35
f 19 36 33
f 33 36 8
f 8 36 7
f 39 40 41
f 41 40 42
f 38 37 45
f 38 45 39
f 45 46 40
f 45 40 39
f 45 26 46
f 46 26 47
f 48 23 22
f 47 26 25
f 51 50 52
f 52 50 53
f 52 53 54
f 52 54 55
f 52 55 56
f 52 56 57
f 50 49 53
f 53 59 54
f 60 59 61
f 61 59 62
f 63 49 44
f 64 68 65
f 65 68 69
f 70 69 71
f 70 71 72
f 69 68 71
f 71 68 73
f 68 76 73
f 73 76 74
f 74 76 75
f 75 76 77
f 12 79 80
f 79 81 80
f 49 50 51
f 17 18 30
f 20 21 18
f 18 21 30
f 33 14 34
f 34 14 16
f 22 21 20
f 31 22 20
f 13 12 15
f 15 12 80
f 23 47 25
f 42 61 41
f 41 61 62
f 41 62 43
f 43 62 44
f 60 54 59
f 56 75 57
f 57 75 77
f 59 53 49
f 58 57 77
f 67 58 77
f 14 33 8
f 14 8 9
f 9 10 14
f 14 10 13
f 19 83 84
f 19 84 17
f 19 17 85
f 19 85 83
f 39 86 37
f 39 37 38
f 43 38 41
f 41 43 87
f 41 87 88
f 86 39 88
f 88 39 41
f 76 89 66
f 66 90 76
f 76 90 91
f 76 91 92
f 89 76 92
f 93 94 95
f 93 95 96
f 93 96 97
f 93 97 94
f 98 99 100
f 101 100 102
f 102 101 103
f 102 103 99
f 99 98 102
f 1 104 5
f 5 105 1
f 1 105 106
f 1 106 104
f 107 108 43
f 51 109 49
f 49 109 110
f 49 110 59
f 59 110 111
f 59 111 108
f 108 111 87
f 108 87 43
f 112 52 51
f 66 89 112
f 112 89 113
f 112 113 52
f 52 113 109
f 52 109 51
f 114 91 90
f 115 116 114
f 114 116 117
f 95 94 118
f 118 94 119
f 118 119 120
f 120 119 121
f 120 121 122
f 122 121 123
f 123 121 124
f 124 121 125
f 124 125 126
f 126 125 127
f 127 125 128
f 127 128 92
f 92 128 89
f 97 96 129
f 129 96 130
f 129 130 131
f 133 132 134
f 133 134 135
f 133 135 136
f 137 138 134
f 100 139 137
f 140 141 101
f 143 144 142
f 142 144 145
f 142 145 146
f 146 145 147
f 146 147 141
f 141 147 103
f 141 103 101
f 148 149 143
f 5 104 148
f 148 104 150
f 148 150 149
f 149 150 144
f 149 144 143
f 106 105 151
f 151 105 152
f 151 152 153
f 151 152 154
f 154 152 155
f 154 155 14
f 14 155 9
f 14 9 156
f 14 156 154
f 156 9 83
f 83 9 84
f 85 17 157
f 157 17 30
f 157 30 21
f 159 158 27
f 159 27 160
f 159 160 161
f 37 26 27
f 37 86 45
f 45 86 26
f 26 86 160
f 26 160 27
f 157 21 161
f 100 99 139
f 139 99 162
f 139 162 138
f 138 162 135
f 138 135 134
f 129 131 136
f 116 115 122
f 122 115 120
f 117 163 114
f 114 163 164
f 165 164 163
f 164 165 114
f 114 165 91
f 136 131 133
f 161 21 159
f 118 120 115
f 7 19 17
f 36 19 7
f 159 21 24
f 159 24 25
f 30 158 29
f 29 158 28
f 159 25 28
f 159 28 158
f 59 108 62
f 62 108 44
f 44 108 107
f 44 107 63
f 63 107 49
f 58 52 57
f 58 51 52
f 64 76 68
f 77 76 67
f 67 76 66
f 64 66 76
f 82 114 164
f 82 164 166
f 166 164 167
f 167 164 70
f 70 164 69
f 69 164 65
f 65 164 82
f 168 118 120
f 168 120 169
f 170 120 171
f 171 120 118
f 6 3 172
f 6 172 173
f 172 174 79
f 79 174 81
f 178 177 179
f 179 180 181
f 194 193 120
f 3 1 175
f 175 1 176
f 176 1 177
f 177 1 2
f 195 2 4
f 195 4 196
f 196 4 143
f 143 197 149
f 149 197 198
f 149 198 180
f 149 180 179
f 149 179 177
f 149 177 2
f 143 142 197
f 197 142 146
f 142 199 200
f 199 101 201
f 201 101 102
f 202 201 182
f 202 182 146
f 146 182 181
f 100 137 98
f 98 137 139
f 98 139 185
f 98 185 184
f 130 204 131
f 131 204 205
f 131 205 188
f 188 205 189
f 96 204 130
f 168 206 96
f 171 166 170
f 170 166 167
f 170 167 207
f 170 207 194
f 167 70 207
f 70 72 207
f 204 96 93
f 204 93 205
f 205 93 189
f 189 93 190
f 190 93 191
f 93 208 191
f 191 208 169
f 169 208 168
f 185 139 138
f 185 138 186
f 209 138 203
f 138 134 203
f 197 146 198
f 2 195 149
f 183 102 184
f 184 102 98
f 209 187 186
f 209 210 187
f 210 131 187
f 187 131 188
f 169 120 192
f 192 120 193
f 120 170 194
f 175 174 3
f 3 174 172
f 192 191 169
f 201 102 182
f 182 102 183
f 198 146 180
f 180 146 181
f 138 209 186
f 206 168 208
f 208 93 206
f 206 93 96
f 203 132 133
f 203 133 209
f 209 133 210
f 210 133 131
f 130 132 203
f 140 142 200
f 140 200 199
f 146 141 202
f 202 141 201
f 140 199 141
f 141 199 201
f 196 143 149
f 196 149 195
f 211 212 213
f 213 212 214
f 213 214 211
f 211 214 212
f 215 216 217
f 217 216 218
f 217 218 219
f 219 218 220
f 219 220 221
f 221 220 222
f 221 222 223
f 223 222 224
f 223 224 215
f 215 224 216
f 225 226 227
f 227 226 228
f 227 228 229
f 229 228 230
f 229 230 110
f 110 230 231
f 110 231 111
f 111 231 232
f 111 232 233
f 233 232 234
f 233 234 235
f 235 234 236
f 235 236 233
f 233 236 234
f 233 234 225
f 225 234 226
f 237 238 154
f 154 238 239
f 154 239 151
f 151 239 240
f 151 240 106
f 106 240 241
f 106 241 242
f 242 241 243
f 242 243 244
f 244 243 245
f 244 245 237
f 237 245 238
f 91 246 92
f 92 246 247
f 246 91 165
f 246 165 248
f 248 165 163
f 248 163 249
f 249 163 250
f 250 163 117
f 250 117 251
f 251 117 116
f 251 116 252
f 252 116 122
f 252 122 253
f 253 122 123
f 253 123 124
f 253 124 254
f 254 124 126
f 254 126 255
f 255 126 256
f 256 126 127
f 256 127 92
f 256 92 247
f 212 221 214
f 214 221 223
f 214 223 99
f 99 223 215
f 99 215 162
f 162 215 135
f 221 212 125
f 125 212 128
f 128 212 225
f 225 212 233
f 233 212 214
f 233 214 86
f 86 214 160
f 160 214 161
f 161 214 157
f 157 214 85
f 85 214 237
f 237 214 244
f 244 214 144
f 244 144 150
f 144 214 145
f 145 214 147
f 147 214 103
f 103 214 99
f 136 215 129
f 129 215 217
f 129 217 97
f 97 217 219
f 97 219 94
f 94 219 119
f 119 219 121
f 121 219 221
f 121 221 125
f 135 215 136
f 128 225 89
f 89 225 227
f 89 227 113
f 113 227 229
f 113 229 109
f 109 229 110
f 111 233 87
f 87 233 88
f 88 233 235
f 88 235 86
f 86 235 233
f 237 154 156
f 237 156 83
f 237 83 85
f 106 242 104
f 104 242 150
f 150 242 244
f 262 157 263
f 265 85 266
f 272 144 145
f 97 276 277
f 213 222 211
f 211 222 279
f 279 222 280
f 280 222 281
f 281 222 220
f 281 220 282
f 282 220 283
f 213 284 285
f 213 285 224
f 224 285 286
f 224 286 216
f 216 286 287
f 216 287 288
f 216 288 289
f 216 289 290
f 216 290 218
f 218 290 291
f 218 291 292
f 218 292 220
f 220 292 283
f 213 293 294
f 213 294 284
f 213 245 293
f 293 245 295
f 295 245 243
f 295 243 296
f 296 243 297
f 297 243 241
f 245 213 238
f 238 213 298
f 238 298 299
f 298 213 300
f 300 213 301
f 301 213 234
f 234 213 211
f 234 211 226
f 224 222 213
f 301 234 236
f 301 236 302
f 302 236 234
f 302 234 303
f 303 234 232
f 303 232 304
f 232 231 304
f 231 230 305
f 305 230 306
f 306 230 228
f 306 228 307
f 307 228 308
f 308 228 226
f 308 226 279
f 279 226 211
f 238 309 310
f 238 310 239
f 239 310 311
f 239 311 240
f 240 311 312
f 240 312 313
f 240 313 241
f 241 313 297
f 309 238 314
f 314 238 299
f 104 176 270
f 270 176 177
f 270 177 271
f 271 177 178
f 271 178 144
f 144 178 179
f 144 179 145
f 145 179 181
f 145 181 273
f 273 181 182
f 273 182 183
f 273 183 103
f 103 183 184
f 103 184 99
f 99 184 185
f 99 185 162
f 162 185 186
f 162 186 135
f 135 186 187
f 135 187 274
f 274 187 188
f 274 188 129
f 129 188 189
f 129 189 275
f 275 189 190
f 275 190 97
f 97 190 191
f 97 191 276
f 276 191 192
f 276 192 277
f 277 192 193
f 277 193 119
f 119 193 194
f 119 194 278
f 89 308 257
f 257 308 279
f 257 279 256
f 256 279 255
f 255 279 280
f 255 280 254
f 254 280 281
f 254 281 253
f 253 281 278
f 253 278 252
f 252 278 194
f 252 194 251
f 251 194 207
f 251 207 250
f 250 207 249
f 249 207 72
f 249 72 71
f 249 71 248
f 248 71 246
f 246 71 73
f 246 73 247
f 247 73 257
f 247 257 256
f 308 89 307
f 307 89 258
f 307 258 306
f 306 258 259
f 306 259 305
f 305 259 109
f 305 109 260
f 305 260 231
f 231 260 110
f 231 110 304
f 304 110 261
f 304 261 303
f 303 261 87
f 87 88 303
f 303 88 302
f 302 88 86
f 302 86 301
f 301 86 160
f 301 160 262
f 301 262 300
f 300 262 263
f 263 157 300
f 300 157 298
f 298 157 264
f 298 264 299
f 299 264 85
f 299 85 314
f 314 85 265
f 314 265 266
f 314 266 309
f 309 266 156
f 309 156 310
f 310 156 16
f 16 15 310
f 310 15 80
f 310 80 269
f 310 269 311
f 311 269 268
f 311 268 312
f 312 268 267
f 312 267 313
f 313 267 174
f 174 175 313
f 313 175 104
f 313 104 297
f 297 104 270
f 175 176 104
f 297 270 296
f 296 270 271
f 296 271 295
f 295 271 144
f 144 272 295
f 295 272 293
f 293 272 145
f 293 145 294
f 294 145 273
f 294 273 284
f 273 103 284
f 284 103 285
f 285 103 99
f 285 99 286
f 286 99 287
f 287 99 162
f 162 135 287
f 287 135 288
f 288 135 274
f 288 274 289
f 289 274 290
f 290 274 129
f 290 129 291
f 291 129 275
f 291 275 97
f 291 97 292
f 292 97 277
f 292 277 283
f 283 277 282
f 282 277 119
f 282 119 278
f 281 282 278
f 81 174 268
f 268 174 267
f 80 81 269
f 269 81 268
f 73 74 257
f 257 74 89
f 89 74 75
f 89 75 258
f 258 75 56
f 258 56 259
f 259 56 55
f 259 55 109
f 109 55 54
f 109 54 260
f 260 54 60
f 260 60 110
f 110 60 61
f 110 61 261
f 261 61 42
f 261 42 87
f 87 42 40
f 87 40 88
f 88 40 46
f 88 46 86
f 86 46 47
f 86 47 160
f 160 47 23
f 160 23 262
f 262 23 48
f 262 48 157
f 157 48 22
f 157 22 31
f 157 31 264
f 264 31 32
f 264 32 85
f 85 32 35
f 85 35 266
f 266 35 34
f 266 34 16
f 266 16 156
f 11 152 78
f 78 152 173
f 173 152 105
f 173 105 6
f 6 105 5
f 4 5 148
f 4 148 143
f 142 140 199
f 199 140 101
f 203 134 132
f 96 95 168
f 168 95 118
f 171 118 115
f 171 115 166
f 166 115 114
f 166 114 82
f 82 114 65
f 65 114 90
f 65 90 64
f 64 90 66
f 67 66 112
f 67 112 58
f 58 112 51
f 49 107 44
f 44 107 43
f 28 27 158
f 28 158 30
f 17 84 8
f 8 84 9
f 10 9 155
f 10 155 11
f 11 155 152
f 153 79 12
f 153 12 11
f 153 11 152
f 152 173 153
f 153 173 172
f 153 172 79

g Body3
f 315 316 317
f 315 318 319
f 315 319 320
f 321 322 318
f 317 323 321
f 321 323 324
f 321 324 322
f 320 316 315
f 317 316 323
f 325 326 327
f 327 326 328
f 327 328 329
f 331 332 330
f 330 332 333
f 327 329 331
f 331 329 332
f 333 325 330
f 334 335 336
f 336 335 337
f 338 335 334
f 339 340 338
f 338 340 335
f 336 337 339
f 339 337 341
f 341 340 339
f 318 342 321
f 321 342 343
f 315 344 318
f 318 344 342
f 331 330 345
f 345 330 346
f 325 347 330
f 330 347 346
f 338 348 339
f 339 348 349
f 338 334 348
f 348 334 350
f 341 351 340
f 340 351 352
f 353 337 354
f 354 337 335
f 335 340 354
f 354 340 352
f 336 339 355
f 355 339 349
f 333 356 325
f 325 356 357
f 358 332 359
f 359 332 329
f 328 360 329
f 329 360 359
f 328 326 360
f 360 326 361
f 325 357 326
f 326 357 361
f 331 345 327
f 327 345 362
f 333 332 356
f 356 332 358
f 361 363 360
f 360 363 364
f 357 365 361
f 361 365 366
f 361 366 363
f 365 357 367
f 367 357 368
f 356 369 357
f 356 370 371
f 356 371 372
f 358 373 356
f 356 373 374
f 356 374 375
f 373 358 376
f 376 358 377
f 377 358 378
f 359 378 358
f 360 379 359
f 359 379 380
f 380 379 381
f 380 381 382
f 379 360 383
f 383 360 384
f 384 360 385
f 384 385 353
f 353 385 386
f 387 369 372
f 372 369 356
f 388 389 387
f 387 389 369
f 390 389 388
f 391 392 390
f 390 392 389
f 368 357 391
f 391 357 392
f 366 365 393
f 366 393 394
f 366 394 386
f 386 394 353
f 353 394 395
f 396 397 394
f 398 351 396
f 396 351 395
f 396 395 399
f 400 351 398
f 400 401 351
f 351 401 352
f 352 401 402
f 352 402 403
f 403 404 352
f 352 404 405
f 352 405 406
f 406 405 407
f 406 405 408
f 408 405 409
f 408 409 406
f 406 409 354
f 406 354 352
f 409 410 354
f 354 410 411
f 410 409 412
f 410 412 413
f 410 413 414
f 414 413 415
f 415 413 416
f 415 416 417
f 417 416 418
f 417 418 419
f 417 419 384
f 384 419 383
f 413 412 420
f 420 412 421
f 422 420 421
f 423 424 422
f 424 423 425
f 424 425 426
f 426 425 427
f 426 427 428
f 426 428 429
f 429 428 430
f 429 430 431
f 431 430 432
f 431 432 433
f 433 432 424
f 433 424 426
f 430 434 432
f 432 434 435
f 432 435 436
f 436 432 437
f 436 437 438
f 436 438 439
f 439 440 436
f 436 440 441
f 441 442 443
f 441 443 444
f 444 443 445
f 444 445 446
f 444 446 447
f 444 446 448
f 444 448 449
f 444 449 450
f 444 450 451
f 451 450 452
f 452 450 453
f 452 453 454
f 452 454 455
f 455 454 419
f 419 454 383
f 456 457 382
f 382 457 380
f 458 378 456
f 456 378 457
f 377 378 458
f 354 459 353
f 353 459 460
f 353 395 351
f 452 461 420
f 420 461 413
f 452 455 461
f 441 444 451
f 424 420 422
f 399 397 396
f 397 395 394
f 369 462 357
f 357 462 392
f 380 378 359
f 417 384 460
f 460 384 353
f 415 417 463
f 463 417 460
f 364 464 360
f 464 385 360
f 411 459 354
f 341 337 351
f 351 337 353
f 322 420 318
f 318 420 424
f 318 424 319
f 319 424 432
f 319 432 320
f 320 432 436
f 316 441 323
f 323 441 451
f 323 451 324
f 324 451 452
f 322 324 420
f 420 324 452
f 436 441 320
f 320 441 316
f 321 343 317
f 317 343 465
f 336 355 334
f 334 355 350
f 315 317 344
f 344 317 465
f 355 466 350
f 350 466 467
f 349 468 355
f 348 469 349
f 349 469 470
f 349 470 471
f 350 472 348
f 362 473 347
f 347 473 474
f 347 474 475
f 345 476 362
f 362 476 477
f 346 478 345
f 345 478 479
f 345 479 480
f 347 481 346
f 465 482 344
f 344 482 483
f 344 483 484
f 343 485 465
f 465 485 486
f 342 487 343
f 343 487 488
f 344 489 342
f 490 491 492
f 490 493 355
f 355 493 494
f 493 490 495
f 493 495 496
f 496 495 497
f 496 497 498
f 498 497 499
f 498 499 475
f 475 499 347
f 499 500 347
f 347 500 501
f 347 501 502
f 502 501 503
f 502 503 504
f 504 503 505
f 504 505 506
f 504 506 481
f 481 506 346
f 506 507 346
f 346 507 508
f 346 508 509
f 509 510 346
f 346 510 511
f 346 511 512
f 512 478 346
f 513 476 480
f 480 476 345
f 514 476 513
f 515 516 514
f 517 477 515
f 517 518 477
f 477 518 362
f 362 518 519
f 362 519 520
f 362 520 521
f 521 520 522
f 520 519 523
f 523 519 524
f 523 524 525
f 519 526 524
f 524 526 527
f 527 526 528
f 527 528 529
f 527 529 343
f 343 529 485
f 485 529 530
f 485 530 531
f 485 531 532
f 485 532 533
f 485 532 534
f 485 534 486
f 486 535 465
f 465 535 536
f 465 536 482
f 484 537 344
f 344 537 538
f 344 538 539
f 539 540 344
f 344 540 541
f 344 541 542
f 542 541 543
f 543 541 544
f 543 544 545
f 545 544 546
f 545 546 547
f 545 547 342
f 342 547 548
f 342 548 549
f 549 550 342
f 342 550 551
f 551 550 552
f 550 553 552
f 552 553 554
f 554 553 555
f 554 555 556
f 556 555 472
f 557 558 555
f 559 472 557
f 557 472 560
f 561 348 559
f 559 348 472
f 561 562 348
f 348 562 469
f 492 468 471
f 471 468 349
f 563 552 564
f 564 552 565
f 564 565 566
f 566 565 567
f 552 563 551
f 551 568 342
f 342 568 487
f 488 569 343
f 343 569 527
f 525 570 523
f 570 525 566
f 566 525 564
f 355 494 520
f 520 494 522
f 521 571 362
f 362 571 473
f 350 467 556
f 350 556 472
f 566 567 572
f 572 567 573
f 572 573 574
f 574 573 355
f 574 355 520
f 355 573 466
f 344 542 489
f 489 545 342
f 491 575 492
f 492 575 468
f 355 468 490
f 468 491 490
f 502 576 347
f 347 576 481
f 472 558 557
f 555 558 472
f 515 477 516
f 514 516 476
f 380 577 378
f 378 577 578
f 378 578 457
f 457 578 579
f 457 579 380
f 380 579 577
f 477 577 516
f 516 577 579
f 516 579 476
f 476 579 578
f 476 578 477
f 477 578 577
f 406 580 407
f 407 580 581
f 407 581 406
f 406 581 580
f 406 580 408
f 408 580 582
f 408 582 406
f 406 582 580
f 472 580 560
f 560 580 581
f 560 581 472
f 472 581 580
f 472 580 558
f 558 580 582
f 558 582 472
f 472 582 580
f 444 583 447
f 447 583 584
f 447 584 444
f 444 584 583
f 485 583 533
f 533 583 584
f 533 584 485
f 485 584 583
f 389 585 369
f 369 585 586
f 369 586 462
f 462 586 587
f 462 587 392
f 392 587 588
f 392 588 389
f 389 588 585
f 504 585 502
f 502 585 588
f 502 588 576
f 576 588 587
f 576 587 481
f 481 587 586
f 481 586 504
f 504 586 585
f 395 589 399
f 399 589 590
f 399 590 397
f 397 590 591
f 397 591 395
f 395 591 589
f 491 591 575
f 575 591 590
f 575 590 468
f 468 590 589
f 468 589 491
f 491 589 591
f 429 592 426
f 426 592 593
f 426 593 433
f 433 593 594
f 433 594 431
f 431 594 595
f 431 595 429
f 429 595 592
f 543 592 542
f 542 592 595
f 542 595 489
f 489 595 594
f 489 594 545
f 545 594 593
f 545 593 543
f 543 593 592
f 409 555 412
f 412 555 553
f 412 553 421
f 421 553 550
f 421 550 422
f 422 550 549
f 422 549 423
f 423 549 548
f 548 547 423
f 423 547 425
f 448 531 449
f 449 531 530
f 449 530 450
f 450 530 529
f 450 529 453
f 453 529 528
f 453 528 454
f 454 528 526
f 517 381 518
f 518 381 379
f 518 379 519
f 519 379 383
f 368 500 367
f 367 500 499
f 367 499 365
f 365 499 497
f 365 497 393
f 393 497 495
f 393 495 394
f 394 495 490
f 490 492 394
f 394 492 396
f 564 596 563
f 563 596 597
f 563 597 551
f 551 597 413
f 551 413 568
f 568 413 598
f 568 598 487
f 487 598 599
f 487 599 488
f 488 599 461
f 488 461 569
f 569 461 600
f 569 600 527
f 527 600 601
f 527 601 524
f 524 601 419
f 524 419 525
f 525 419 418
f 525 418 564
f 564 418 596
f 418 416 596
f 455 419 601
f 455 601 600
f 455 600 461
f 461 599 413
f 413 599 598
f 413 597 416
f 416 597 596
f 327 362 325
f 325 362 347
f 602 572 603
f 603 572 574
f 603 574 604
f 604 574 520
f 604 520 605
f 605 520 523
f 605 523 606
f 606 523 570
f 606 570 607
f 607 570 566
f 607 566 602
f 602 566 572
f 603 604 607
f 604 605 607
f 607 605 606
f 607 602 603
f 411 556 459
f 459 556 467
f 459 467 608
f 608 467 466
f 608 466 460
f 460 466 573
f 460 573 609
f 609 573 567
f 609 567 415
f 415 567 565
f 415 565 414
f 414 565 552
f 414 552 610
f 610 552 554
f 610 554 411
f 411 554 556
f 459 608 463
f 463 608 460
f 460 609 463
f 463 609 415
f 410 414 610
f 410 610 411
f 386 493 366
f 366 493 496
f 366 496 611
f 611 496 498
f 611 498 361
f 361 498 475
f 361 475 612
f 612 475 474
f 612 474 364
f 364 474 473
f 364 473 464
f 464 473 571
f 464 571 613
f 613 571 521
f 613 521 614
f 614 521 522
f 614 522 615
f 615 522 494
f 615 494 386
f 386 494 493
f 366 611 363
f 363 611 361
f 363 361 612
f 363 612 364
f 385 464 613
f 385 613 614
f 385 614 615
f 385 615 386
f 417 607 384
f 384 607 604
f 384 604 417
f 417 604 607
f 463 460 459
f 480 377 513
f 513 377 458
f 513 458 514
f 514 458 456
f 514 456 515
f 515 456 382
f 515 382 517
f 517 382 381
f 509 370 510
f 510 370 356
f 510 356 511
f 511 356 375
f 511 375 512
f 512 375 374
f 512 374 478
f 478 374 373
f 478 373 479
f 479 373 376
f 479 376 480
f 480 376 377
f 370 509 371
f 371 509 508
f 371 508 372
f 372 508 507
f 372 507 387
f 387 507 506
f 387 506 388
f 388 506 505
f 388 505 390
f 390 505 503
f 390 503 391
f 391 503 501
f 368 391 500
f 500 391 501
f 557 405 559
f 559 405 404
f 559 404 403
f 559 403 561
f 561 403 402
f 561 402 562
f 562 402 401
f 562 401 469
f 469 401 400
f 469 400 470
f 470 400 398
f 470 398 471
f 471 398 492
f 492 398 396
f 535 442 536
f 536 442 441
f 536 441 482
f 482 441 440
f 482 440 483
f 483 440 439
f 483 439 484
f 484 439 438
f 484 438 537
f 537 438 437
f 537 437 538
f 538 437 432
f 526 519 454
f 454 519 383
f 409 405 555
f 555 405 557
f 425 547 427
f 427 547 546
f 427 546 544
f 427 544 428
f 428 544 541
f 428 541 430
f 430 541 540
f 430 540 434
f 434 540 539
f 434 539 435
f 435 539 432
f 432 539 538
f 531 448 532
f 532 448 446
f 532 446 534
f 534 446 445
f 534 445 486
f 486 445 443
f 486 443 535
f 535 443 442

g Body4
f 616 617 618
f 618 617 619
f 619 617 620
f 619 620 621
f 616 620 617
f 622 623 624
f 624 623 625
f 626 627 628
f 627 626 629
f 629 626 630
f 629 630 631
f 629 631 632
f 632 631 633
f 632 633 634
f 634 633 635
f 634 635 636
f 636 635 637
f 636 637 638
f 638 637 639
f 638 639 640
f 640 639 641
f 640 641 642
f 642 641 643
f 642 643 644
f 644 643 645
f 644 645 646
f 646 645 647
f 646 647 648
f 648 647 649
f 648 649 650
f 650 649 651
f 650 651 652
f 652 651 653
f 653 651 654
f 616 655 620
f 620 655 656
f 620 656 657
f 620 657 658
f 654 658 657
f 651 658 654
f 649 659 651
f 649 647 660
f 645 661 647
f 647 661 662
f 662 661 663
f 662 663 664
f 662 664 665
f 643 666 645
f 645 666 667
f 645 667 661
f 641 668 643
f 639 669 641
f 637 670 639
f 639 670 671
f 635 672 637
f 673 674 675
f 675 674 676
f 633 677 635
f 631 678 633
f 630 679 631
f 631 679 680
f 626 623 630
f 630 623 681
f 626 682 623
f 682 683 623
f 623 683 625
f 630 681 679
f 679 681 684
f 679 684 685
f 685 684 686
f 686 684 687
f 686 687 688
f 688 687 689
f 631 680 678
f 633 678 691
f 678 692 691
f 691 693 694
f 694 693 695
f 694 695 696
f 696 695 697
f 633 691 677
f 677 672 635
f 675 676 698
f 698 676 699
f 639 671 700
f 700 701 702
f 702 701 703
f 703 701 698
f 703 698 704
f 703 704 705
f 700 669 639
f 641 669 668
f 668 706 643
f 643 706 666
f 666 707 708
f 708 707 709
f 708 709 710
f 665 711 712
f 649 660 659
f 659 660 713
f 659 713 714
f 714 713 715
f 715 713 716
f 715 716 717
f 715 717 718
f 651 659 719
f 651 719 658
f 682 720 683
f 683 720 721
f 666 722 723
f 666 723 724
f 724 723 725
f 724 723 722
f 724 722 666
f 725 723 722
f 724 666 726
f 708 727 666
f 666 727 726
f 708 727 728
f 727 728 729
f 727 729 726
f 726 729 724
f 727 708 730
f 727 730 728
f 728 730 731
f 728 731 732
f 732 731 733
f 732 731 710
f 730 708 731
f 731 708 710
f 731 710 734
f 734 710 709
f 734 709 735
f 735 709 727
f 735 727 729
f 729 727 707
f 707 727 709
f 735 732 734
f 734 732 731
f 707 736 737
f 707 737 729
f 729 737 724
f 724 737 725
f 724 725 738
f 738 725 739
f 738 739 740
f 740 739 741
f 740 741 668
f 668 741 706
f 706 741 722
f 706 722 666
f 666 722 707
f 707 722 736
f 725 737 736
f 725 736 722
f 739 725 722
f 739 722 741
f 740 668 742
f 742 668 669
f 742 669 743
f 669 744 745
f 669 745 743
f 743 745 746
f 746 745 747
f 746 747 748
f 746 748 749
f 749 748 750
f 749 750 700
f 700 750 669
f 669 750 744
f 747 745 744
f 747 744 750
f 748 747 750
f 749 700 751
f 702 752 700
f 700 752 753
f 700 753 751
f 751 753 749
f 702 703 752
f 752 702 754
f 754 702 755
f 755 702 703
f 755 703 756
f 756 703 705
f 756 705 704
f 704 705 757
f 704 757 756
f 756 757 755
f 755 757 754
f 754 753 752
f 704 705 758
f 758 704 698
f 758 698 701
f 758 701 752
f 752 701 759
f 759 701 760
f 759 760 761
f 761 760 746
f 746 760 700
f 700 760 701
f 752 759 758
f 759 762 758
f 762 757 758
f 758 757 704
f 700 763 747
f 700 747 746
f 746 747 764
f 746 764 763
f 746 763 671
f 671 763 700
f 764 747 763
f 746 671 761
f 761 671 670
f 761 670 638
f 638 670 637
f 637 765 766
f 637 766 638
f 638 766 767
f 767 766 768
f 767 768 769
f 769 768 770
f 769 770 673
f 673 770 771
f 673 771 672
f 672 771 637
f 637 771 765
f 768 766 765
f 768 765 771
f 768 771 770
f 769 673 771
f 771 673 675
f 675 772 771
f 771 772 769
f 698 772 675
f 675 772 769
f 698 699 772
f 772 699 773
f 772 773 774
f 774 773 775
f 775 773 699
f 775 699 774
f 774 769 772
f 773 699 676
f 773 676 776
f 776 676 777
f 776 777 778
f 778 777 767
f 767 777 673
f 673 777 674
f 674 777 676
f 776 774 773
f 673 771 768
f 673 768 767
f 767 768 779
f 767 779 672
f 672 779 771
f 768 771 779
f 767 672 780
f 780 672 677
f 780 677 781
f 691 782 677
f 677 782 783
f 677 783 781
f 781 783 784
f 784 783 785
f 784 785 786
f 784 786 787
f 787 786 788
f 787 788 691
f 691 788 782
f 785 783 782
f 785 782 788
f 786 785 788
f 787 691 789
f 694 789 691
f 691 789 790
f 789 790 787
f 694 696 789
f 789 696 791
f 789 791 790
f 790 791 792
f 792 791 793
f 791 696 793
f 793 696 697
f 793 697 792
f 793 697 794
f 794 697 695
f 794 695 795
f 795 695 693
f 795 693 796
f 796 797 795
f 795 797 794
f 797 792 794
f 794 792 793
f 693 798 799
f 693 799 796
f 796 799 784
f 784 799 786
f 784 783 800
f 800 783 801
f 800 801 802
f 800 802 678
f 678 802 692
f 692 802 782
f 692 782 691
f 691 788 693
f 693 788 798
f 786 799 798
f 786 798 788
f 783 785 788
f 783 788 782
f 801 783 782
f 801 782 802
f 800 678 680
f 800 680 803
f 803 680 679
f 679 804 805
f 679 805 803
f 803 805 804
f 803 804 685
f 685 804 679
f 803 685 806
f 806 685 686
f 686 807 808
f 686 808 806
f 806 808 803
f 686 688 807
f 808 807 809
f 809 807 810
f 809 810 811
f 811 810 689
f 811 689 690
f 807 688 810
f 810 688 689
f 811 690 809
f 811 690 810
f 810 690 689
f 810 689 687
f 810 687 812
f 812 810 813
f 812 813 814
f 814 813 684
f 684 813 687
f 687 813 810
f 812 815 810
f 815 809 810
f 684 816 817
f 684 817 814
f 814 817 818
f 818 817 816
f 818 816 681
f 681 816 684
f 623 622 681
f 681 622 818
f 657 819 820
f 657 820 821
f 821 820 819
f 821 819 657
f 658 822 620
f 620 822 823
f 620 823 619
f 619 823 821
f 821 823 822
f 821 822 719
f 719 822 658
f 656 621 824
f 621 824 825
f 825 824 821
f 825 821 657
f 621 656 617
f 617 656 655
f 617 655 616
f 617 618 826
f 617 826 621
f 826 824 621
f 825 657 621
f 657 656 621
f 821 719 827
f 827 719 659
f 659 828 829
f 659 829 827
f 827 829 650
f 650 829 830
f 830 829 831
f 830 831 832
f 830 832 833
f 833 832 834
f 833 834 714
f 714 834 659
f 659 834 828
f 831 829 828
f 831 828 834
f 832 831 834
f 713 835 836
f 713 836 830
f 830 836 837
f 837 836 835
f 837 835 660
f 660 835 713
f 647 838 839
f 647 839 840
f 840 839 841
f 840 841 842
f 842 841 843
f 842 843 844
f 842 844 845
f 842 845 662
f 662 845 647
f 647 845 838
f 841 839 838
f 843 841 838
f 843 838 845
f 844 843 845
f 663 846 847
f 663 847 848
f 848 847 849
f 849 847 846
f 849 846 661
f 661 846 663
f 850 718 851
f 851 718 717
f 851 717 716
f 851 716 852
f 852 716 853
f 853 852 854
f 853 854 830
f 830 854 713
f 713 854 716
f 716 854 852
f 852 853 851
f 853 855 851
f 855 850 851
f 833 714 854
f 715 856 714
f 714 856 854
f 715 857 858
f 715 858 856
f 856 858 833
f 856 833 854
f 858 857 850
f 850 857 859
f 859 857 718
f 857 715 718
f 859 718 851
f 851 850 859
f 860 711 861
f 861 711 862
f 862 711 665
f 862 665 863
f 863 665 864
f 864 863 848
f 848 863 663
f 663 863 664
f 664 863 665
f 864 865 863
f 863 865 862
f 865 860 862
f 862 860 861
f 842 662 866
f 665 867 662
f 662 867 865
f 662 865 866
f 866 865 842
f 865 867 861
f 861 867 712
f 861 712 711
f 867 665 712
f 861 860 865
f 849 661 868
f 868 661 667
f 868 667 724
f 724 667 666
f 837 660 840
f 840 660 647
f 625 683 624
f 624 683 721
f 657 821 654
f 654 821 653
f 682 626 720
f 720 626 628
f 624 721 622
f 622 721 720
f 622 720 627
f 627 720 628
f 629 622 627
f 632 803 629
f 634 800 632
f 636 781 634
f 634 781 784
f 636 638 767
f 767 769 778
f 778 769 776
f 776 769 774
f 640 746 638
f 638 746 761
f 642 743 640
f 644 738 642
f 642 738 740
f 642 740 742
f 646 868 644
f 644 868 724
f 648 840 646
f 646 840 849
f 849 840 848
f 848 840 842
f 848 842 864
f 864 842 865
f 650 840 648
f 652 827 650
f 653 821 652
f 652 821 827
f 619 821 824
f 619 824 618
f 618 824 826
f 650 830 827
f 650 830 837
f 830 833 853
f 853 833 858
f 853 858 855
f 855 858 850
f 837 840 650
f 646 849 868
f 644 724 738
f 729 728 735
f 735 728 732
f 735 732 733
f 642 742 743
f 743 746 640
f 746 749 761
f 761 749 753
f 761 753 759
f 759 753 754
f 759 754 762
f 762 754 757
f 636 767 780
f 780 781 636
f 784 800 634
f 787 796 784
f 796 787 790
f 796 790 792
f 796 792 797
f 632 800 803
f 629 803 814
f 629 814 818
f 814 803 808
f 814 808 812
f 812 808 809
f 812 809 815
f 629 818 622
f 869 870 871
f 871 870 872
f 871 872 652
f 870 869 824
f 824 869 873
f 824 873 826
f 826 873 874
f 826 874 875
f 826 875 876
f 877 833 652
f 652 833 871
f 833 877 837
f 837 877 878
f 837 878 840
f 840 878 842
f 842 878 879
f 842 879 849
f 849 879 880
f 849 880 881
f 881 880 724
f 724 880 642
f 724 642 882
f 882 642 742
f 742 642 883
f 742 883 749
f 749 883 884
f 749 884 885
f 885 884 761
f 885 761 759
f 885 759 754
f 754 759 886
f 754 886 757
f 757 886 887
f 883 640 884
f 884 640 888
f 884 888 780
f 780 888 889
f 780 889 787
f 787 889 632
f 787 632 796
f 796 632 890
f 890 632 891
f 891 632 629
f 891 629 818
f 891 818 808
f 808 818 892
f 892 818 893
f 892 893 809
f 809 893 894
f 809 894 895
f 629 896 818
f 818 896 622
f 622 896 897
f 622 897 721
f 896 898 897
f 796 899 787
f 899 796 790
f 790 796 808
f 790 808 900
f 900 808 892
f 900 892 901
f 900 901 902
f 780 886 769
f 780 769 903
f 886 780 904
f 886 904 774
f 774 904 899
f 774 899 790
f 774 790 905
f 903 884 780
f 882 881 724
f 881 882 728
f 728 882 885
f 728 885 735
f 842 849 881
f 842 881 907
f 907 881 908
f 908 881 728
f 908 728 909
f 908 909 860
f 908 860 910
f 833 837 907
f 833 907 858
f 858 907 908
f 858 908 850
f 624 721 911
f 911 721 912
f 721 897 912
f 912 897 913
f 897 898 913
f 913 898 914
f 898 896 914
f 914 896 626
f 626 896 630
f 630 896 629
f 631 632 915
f 915 632 889
f 915 889 635
f 635 889 888
f 635 888 916
f 916 888 640
f 916 640 917
f 917 640 883
f 917 883 641
f 641 883 642
f 641 642 918
f 918 642 880
f 918 880 645
f 645 880 879
f 645 879 919
f 919 879 878
f 919 878 920
f 920 878 877
f 920 877 921
f 921 877 652
f 921 652 922
f 922 652 872
f 622 624 923
f 923 624 911
f 922 872 657
f 657 872 870
f 713 837 924
f 924 837 647
f 647 837 840
f 647 840 662
f 662 840 842
f 658 871 925
f 925 871 926
f 926 871 833
f 926 833 714
f 926 833 858
f 926 858 927
f 927 858 850
f 927 850 928
f 928 850 718
f 850 717 718
f 717 850 908
f 717 908 907
f 717 907 716
f 716 907 837
f 716 837 713
f 657 870 929
f 929 870 824
f 929 824 930
f 930 824 826
f 930 826 931
f 931 826 876
f 931 876 932
f 876 933 932
f 933 876 875
f 875 874 933
f 933 874 616
f 616 874 873
f 616 873 869
f 616 869 620
f 620 869 871
f 620 871 658
f 929 620 657
f 657 658 922
f 922 658 921
f 921 658 925
f 921 925 926
f 620 929 930
f 620 930 616
f 616 930 931
f 616 931 933
f 933 931 932
f 926 714 921
f 921 714 920
f 920 714 713
f 920 713 919
f 919 713 924
f 919 924 647
f 713 714 716
f 716 714 926
f 716 926 927
f 716 927 717
f 717 927 928
f 717 928 718
f 647 662 919
f 919 662 645
f 645 662 663
f 645 663 918
f 918 663 666
f 664 662 934
f 664 934 717
f 664 717 935
f 935 717 711
f 711 717 936
f 711 936 937
f 918 666 641
f 641 666 938
f 938 666 664
f 938 664 935
f 938 935 709
f 709 935 939
f 709 939 703
f 703 939 940
f 641 938 917
f 917 938 700
f 917 700 941
f 941 700 942
f 941 942 709
f 941 709 703
f 941 703 698
f 698 703 943
f 943 703 705
f 917 941 916
f 916 941 635
f 635 941 677
f 635 677 915
f 941 675 677
f 677 675 698
f 677 698 944
f 944 698 945
f 944 945 696
f 696 945 946
f 946 945 947
f 677 691 915
f 915 691 631
f 631 691 678
f 678 691 948
f 678 948 696
f 678 696 693
f 693 696 949
f 949 696 697
f 949 697 950
f 950 697 951
f 678 685 631
f 631 685 630
f 630 685 684
f 686 949 684
f 684 949 950
f 684 950 952
f 952 950 690
f 952 690 953
f 953 690 954
f 630 684 626
f 626 684 923
f 626 923 913
f 626 913 914
f 911 912 923
f 923 912 913
f 662 842 907
f 662 907 934
f 934 907 908
f 934 908 717
f 717 908 910
f 717 910 936
f 910 937 936
f 937 910 711
f 711 910 860
f 711 860 909
f 711 909 935
f 935 909 728
f 935 728 881
f 935 881 664
f 664 881 849
f 664 849 663
f 663 849 666
f 666 849 881
f 666 881 724
f 666 881 664
f 664 881 728
f 664 728 935
f 935 728 732
f 935 732 939
f 939 732 940
f 940 732 906
f 940 906 703
f 703 906 709
f 709 906 732
f 709 732 735
f 709 735 885
f 709 885 882
f 709 882 938
f 938 882 742
f 938 742 700
f 700 742 749
f 700 749 942
f 942 749 885
f 942 885 709
f 709 885 754
f 709 754 703
f 703 754 757
f 703 757 705
f 887 705 757
f 705 887 943
f 943 887 886
f 943 886 698
f 698 886 759
f 698 759 941
f 941 759 761
f 941 761 884
f 884 903 941
f 941 903 675
f 675 903 769
f 675 769 886
f 675 886 698
f 698 886 774
f 698 774 945
f 905 947 774
f 774 947 945
f 947 905 946
f 946 905 696
f 696 905 790
f 696 790 899
f 696 899 904
f 696 904 944
f 944 904 780
f 944 780 677
f 677 780 691
f 691 780 787
f 691 787 899
f 691 899 948
f 948 899 696
f 696 790 900
f 696 900 697
f 697 900 951
f 697 900 902
f 902 950 697
f 902 901 950
f 950 901 892
f 950 892 808
f 950 808 949
f 949 808 796
f 949 796 693
f 693 796 678
f 678 796 890
f 678 890 685
f 685 890 891
f 891 808 685
f 685 808 686
f 686 808 949
f 949 808 892
f 949 892 950
f 950 892 809
f 950 809 690
f 895 954 809
f 809 954 690
f 895 894 954
f 954 894 953
f 953 894 893
f 953 893 952
f 952 893 818
f 952 818 684
f 684 818 923
f 923 818 622

g Body10
f 955 956 957
f 955 957 958
f 958 957 959
f 958 959 960
f 960 959 961
f 960 961 962
f 962 961 956
f 962 956 955
f 963 964 965
f 965 964 966
f 965 966 967
f 967 966 968
f 967 968 969
f 969 968 970
f 969 970 963
f 963 970 964
f 956 971 972
f 956 972 957
f 957 973 959
f 959 973 961
f 961 973 974
f 971 956 961
f 971 961 975
f 975 961 976
f 976 961 974
f 977 964 970
f 978 968 966
f 978 966 979
f 979 966 980
f 980 966 981
f 981 966 982
f 982 966 983
f 983 966 984
f 984 966 985
f 985 966 964
f 985 964 977
f 983 986 982
f 982 986 971
f 982 971 987
f 982 987 988
f 988 987 989
f 989 987 990
f 971 986 972
f 973 991 974
f 974 991 976
f 976 991 992
f 992 991 993
f 992 993 994
f 992 994 976
f 976 994 995
f 976 995 996
f 976 996 997
f 997 996 998
f 998 996 999
f 998 999 1000
f 998 1000 1001
f 1001 1000 1002
f 1001 1002 1003
f 1003 1002 1004
f 1003 1004 1005
f 1004 1002 1006
f 1006 1002 1007
f 1006 1007 1008
f 1008 1007 1009
f 1008 1009 1010
f 1011 1012 1010
f 1010 1012 1008
f 1013 1014 1011
f 1011 1014 1012
f 1015 1014 1013
f 1016 1017 1015
f 1015 1017 1014
f 1018 1017 1016
f 1017 1018 1019
f 1017 1019 1020
f 1020 1019 1021
f 1020 1021 1022
f 1020 1022 1023
f 1020 1023 1024
f 1022 1025 1023
f 1020 1024 1026
f 1020 1026 1027
f 1027 1026 1028
f 1027 1028 1029
f 1027 1029 1030
f 1030 1029 1031
f 1030 1031 1032
f 1032 1031 1033
f 1032 1033 1017
f 1032 1017 1020
f 1031 1034 1033
f 1033 1034 1035
f 1034 1036 1035
f 1035 1036 1037
f 1035 1037 1038
f 1038 1037 1039
f 1038 1039 1040
f 1040 1039 1041
f 1040 1041 1042
f 1043 1044 1041
f 1045 1046 1043
f 1043 1046 1047
f 1048 1042 1045
f 1049 1050 1048
f 1048 1050 1042
f 1042 1050 1040
f 1051 1050 1049
f 1052 1053 1051
f 1054 1055 1052
f 1052 1055 1056
f 1056 1055 1057
f 1057 1055 1058
f 1058 1055 1059
f 1060 1061 1054
f 1054 1061 1055
f 1059 1062 1060
f 1058 1059 1063
f 1058 1063 1064
f 1064 1063 1065
f 1064 1065 1066
f 1066 1065 1067
f 1066 1067 1005
f 1005 1067 1003
f 1068 1069 1063
f 1063 1069 1065
f 990 987 1068
f 1068 987 1069
f 982 988 1070
f 1070 988 1071
f 1070 1071 1072
f 1070 1072 1073
f 1073 1072 980
f 1073 980 981
f 1014 1017 1008
f 1008 1017 1074
f 1008 1074 1006
f 1006 1074 1075
f 1075 1074 1076
f 1075 1076 1077
f 1077 1076 1033
f 1077 1033 1035
f 1053 1004 1050
f 1050 1004 1040
f 1053 1078 1005
f 1053 1005 1004
f 1078 1053 1079
f 1079 1053 1056
f 1056 1053 1052
f 1051 1053 1050
f 1065 1069 975
f 1065 975 997
f 975 976 997
f 1004 1006 1040
f 1005 1078 1079
f 1005 1079 1066
f 1044 1042 1041
f 1045 1042 1046
f 1047 1044 1043
f 1055 1062 1059
f 1060 1062 1061
f 1004 1080 1005
f 1005 1080 1081
f 1005 1081 1004
f 1004 1081 1080
f 1055 1082 1062
f 1062 1082 1083
f 1062 1083 1061
f 1061 1083 1084
f 1061 1084 1055
f 1055 1084 1082
f 1012 1085 1008
f 1008 1085 1086
f 1008 1086 1014
f 1014 1086 1087
f 1014 1087 1012
f 1012 1087 1085
f 981 1088 1073
f 1073 1088 1089
f 1073 1089 1070
f 1070 1089 1090
f 1070 1090 982
f 982 1090 1091
f 982 1091 981
f 981 1091 1088
f 1044 1092 1042
f 1042 1092 1093
f 1042 1093 1046
f 1046 1093 1094
f 1046 1094 1047
f 1047 1094 1095
f 1047 1095 1044
f 1044 1095 1092
f 1020 1096 1032
f 1032 1096 1097
f 1032 1097 1030
f 1030 1097 1098
f 1030 1098 1027
f 1027 1098 1099
f 1027 1099 1020
f 1020 1099 1096
f 992 1100 976
f 976 1100 1101
f 976 1101 974
f 974 1101 1102
f 974 1102 976
f 976 1102 1101
f 976 1101 992
f 992 1101 1100
f 994 1103 995
f 995 1103 1104
f 995 1104 996
f 996 1104 1105
f 996 1105 999
f 999 1105 1106
f 999 1106 1000
f 1000 1106 1107
f 1002 1108 1007
f 1007 1108 1109
f 1007 1109 1009
f 1009 1109 1110
f 998 1111 997
f 997 1111 1112
f 997 1112 1065
f 1065 1112 1113
f 1065 1113 1067
f 1067 1113 1114
f 1067 1114 1003
f 1003 1114 1115
f 1003 1115 1001
f 1001 1115 1116
f 1001 1116 998
f 998 1116 1111
f 1066 1117 1064
f 1064 1117 1118
f 1064 1118 1058
f 1058 1118 1119
f 1058 1119 1057
f 1057 1119 1120
f 1057 1120 1056
f 1056 1120 1121
f 1056 1121 1079
f 1079 1121 1122
f 1079 1122 1078
f 1078 1122 1123
f 1078 1123 1079
f 1079 1123 1122
f 1079 1122 1066
f 1066 1122 1117
f 1077 1124 1075
f 1075 1124 1125
f 1075 1125 1006
f 1006 1125 1126
f 1006 1126 1040
f 1040 1126 1127
f 1040 1127 1038
f 1038 1127 1128
f 1038 1128 1035
f 1035 1128 1129
f 1035 1129 1077
f 1077 1129 1124
f 955 1130 962
f 962 1130 1131
f 1130 955 1132
f 1132 955 958
f 1133 958 960
f 1133 960 962
f 1133 962 1102
f 1133 1102 1134
f 1134 1102 1101
f 1102 962 1101
f 1101 962 1131
f 963 1135 1136
f 963 1136 969
f 969 1136 967
f 967 1137 965
f 965 1137 1138
f 965 1138 1139
f 965 1139 1088
f 1135 963 1140
f 1140 963 965
f 1140 965 1091
f 1091 965 1088
f 1080 1108 1115
f 1080 1115 1081
f 1081 1115 1114
f 1081 1114 1117
f 1117 1114 1118
f 1118 1114 1113
f 1118 1113 1141
f 1141 1113 1142
f 1142 1113 1131
f 1131 1113 1112
f 1131 1112 1101
f 1101 1112 1105
f 1105 1112 1111
f 1108 1080 1126
f 1126 1080 1127
f 1127 1080 1143
f 1143 1080 1144
f 1144 1080 1081
f 1144 1081 1123
f 1123 1081 1122
f 1081 1117 1122
f 1145 1082 1119
f 1119 1082 1120
f 1120 1082 1121
f 1121 1082 1146
f 1121 1146 1144
f 1144 1146 1147
f 1144 1147 1143
f 1143 1147 1148
f 1143 1148 1149
f 1143 1149 1093
f 1143 1093 1127
f 1127 1093 1150
f 1146 1082 1151
f 1151 1082 1084
f 1151 1084 1152
f 1084 1083 1152
f 1152 1083 1145
f 1145 1083 1082
f 1085 1087 1153
f 1153 1087 1154
f 1154 1087 1155
f 1155 1087 1156
f 1156 1087 1086
f 1156 1086 1157
f 1086 1109 1126
f 1126 1109 1108
f 1086 1158 1110
f 1086 1110 1109
f 1158 1086 1085
f 1158 1085 1153
f 1140 1091 1159
f 1159 1091 1130
f 1130 1091 1160
f 1160 1091 1161
f 1160 1161 1162
f 1091 1090 1161
f 1161 1090 1163
f 1163 1090 1164
f 1164 1090 1089
f 1164 1089 1139
f 1139 1089 1088
f 1150 1093 1092
f 1150 1092 1165
f 1165 1092 1095
f 1095 1094 1165
f 1165 1094 1166
f 1166 1094 1093
f 1166 1093 1149
f 1096 1167 1168
f 1096 1168 1156
f 1096 1156 1097
f 1097 1156 1169
f 1097 1169 1170
f 1097 1170 1098
f 1098 1170 1171
f 1098 1171 1099
f 1099 1171 1172
f 1099 1172 1173
f 1099 1173 1096
f 1096 1173 1174
f 1096 1174 1175
f 1096 1175 1176
f 1176 1175 1177
f 1167 1096 1176
f 1178 1100 1103
f 1103 1100 1101
f 1103 1101 1104
f 1104 1101 1105
f 1101 1100 1134
f 1134 1100 1178
f 1105 1111 1106
f 1106 1111 1107
f 1107 1111 1116
f 1107 1116 1108
f 1108 1116 1115
f 1145 1119 1141
f 1141 1119 1118
f 1144 1123 1122
f 1144 1122 1121
f 1127 1150 1179
f 1127 1179 1128
f 1128 1179 1180
f 1128 1180 1129
f 1129 1180 1181
f 1129 1181 1182
f 1129 1182 1169
f 1169 1182 1170
f 1086 1126 1157
f 1157 1126 1125
f 1157 1125 1183
f 1183 1125 1124
f 1183 1124 1169
f 1169 1124 1129
f 1168 1184 1156
f 1156 1184 1185
f 1156 1185 1155
f 1132 1159 1130
f 1160 1162 1186
f 1160 1186 1187
f 1160 1187 1142
f 1142 1187 1141
f 975 1131 971
f 971 1131 1130
f 971 1130 987
f 987 1130 1160
f 987 1160 1069
f 1069 1160 1142
f 1069 1142 975
f 975 1142 1131
f 1050 1143 1053
f 1053 1143 1144
f 1053 1144 1050
f 1050 1144 1143
f 1017 1156 1074
f 1074 1156 1157
f 1074 1157 1076
f 1076 1157 1183
f 1076 1183 1033
f 1033 1183 1169
f 1033 1169 1017
f 1017 1169 1156
f 1059 1145 1063
f 1063 1145 1141
f 1063 1141 1068
f 1068 1141 1187
f 1068 1187 990
f 990 1187 1186
f 990 1186 989
f 989 1186 1162
f 1059 1060 1145
f 1145 1060 1152
f 1034 1182 1036
f 1036 1182 1181
f 1036 1181 1037
f 1037 1181 1180
f 1037 1180 1039
f 1039 1180 1179
f 1039 1179 1041
f 1041 1179 1150
f 1034 1031 1182
f 1182 1031 1170
f 1043 1165 1045
f 1045 1165 1166
f 1045 1166 1149
f 1045 1149 1048
f 1048 1149 1148
f 1048 1148 1049
f 1049 1148 1147
f 1049 1147 1051
f 1051 1147 1146
f 1051 1146 1052
f 1052 1146 1151
f 1052 1151 1054
f 1054 1151 1060
f 1060 1151 1152
f 1150 1165 1041
f 1041 1165 1043
f 1009 1110 1010
f 1010 1110 1158
f 1010 1158 1011
f 1011 1158 1153
f 1011 1153 1013
f 1013 1153 1154
f 1013 1154 1015
f 1015 1154 1155
f 1107 1108 1000
f 1000 1108 1002
f 957 958 973
f 973 958 1133
f 973 1133 991
f 991 1133 1134
f 991 1134 993
f 993 1134 1178
f 993 1178 994
f 994 1178 1103
f 977 1135 985
f 985 1135 1140
f 985 1140 984
f 984 1140 983
f 983 1140 1159
f 983 1159 986
f 986 1159 1132
f 986 1132 972
f 972 1132 958
f 972 958 957
f 1135 977 1136
f 1136 977 970
f 1136 970 967
f 967 970 968
f 988 1161 1071
f 1071 1161 1163
f 1071 1163 1164
f 1071 1164 1072
f 1072 1164 1139
f 1072 1139 980
f 980 1139 1138
f 980 1138 979
f 979 1138 1137
f 979 1137 978
f 978 1137 968
f 968 1137 967
f 1162 1161 989
f 989 1161 988
f 1025 1177 1023
f 1023 1177 1175
f 1023 1175 1024
f 1024 1175 1174
f 1024 1174 1026
f 1026 1174 1173
f 1026 1173 1028
f 1028 1173 1172
f 1028 1172 1029
f 1029 1172 1171
f 1029 1171 1031
f 1031 1171 1170
f 1015 1155 1016
f 1016 1155 1185
f 1016 1185 1018
f 1018 1185 1184
f 1018 1184 1019
f 1019 1184 1168
f 1019 1168 1021
f 1021 1168 1167
f 1021 1167 1022
f 1022 1167 1176
f 1022 1176 1025
f 1025 1176 1177

g Body11
f 1188 1189 1190
f 1190 1189 1191
f 1190 1191 1192
f 1192 1191 1193
f 1192 1193 1194
f 1194 1193 1195
f 1194 1195 1196
f 1196 1195 1197
f 1196 1197 1198
f 1198 1197 1199
f 1198 1199 1200
f 1200 1199 1201
f 1200 1201 1202
f 1202 1201 1203
f 1202 1203 1204
f 1204 1203 1205
f 1204 1205 1206
f 1206 1205 1207
f 1206 1207 1208
f 1208 1207 1209
f 1208 1209 1210
f 1210 1209 1211
f 1210 1211 1212
f 1212 1211 1213
f 1212 1213 1214
f 1214 1213 1215
f 1214 1215 1216
f 1216 1215 1217
f 1216 1217 1218
f 1218 1217 1219
f 1218 1219 1220
f 1220 1219 1221
f 1220 1221 1222
f 1222 1221 1223
f 1222 1223 1224
f 1224 1223 1225
f 1224 1225 1226
f 1226 1225 1227
f 1226 1227 1228
f 1228 1227 1229
f 1228 1229 1230
f 1230 1229 1231
f 1230 1231 1188
f 1188 1231 1189
f 1232 1233 1234
f 1234 1233 1235
f 1234 1235 1232
f 1232 1235 1233
f 1232 1191 1189
f 1232 1189 1234
f 1234 1189 1231
f 1234 1231 1229
f 1234 1229 1227
f 1234 1227 1225
f 1234 1225 1223
f 1234 1223 1221
f 1234 1221 1219
f 1234 1219 1217
f 1234 1217 1215
f 1234 1215 1213
f 1234 1213 1232
f 1232 1213 1211
f 1232 1211 1209
f 1232 1209 1207
f 1232 1207 1205
f 1232 1205 1203
f 1232 1203 1201
f 1232 1201 1199
f 1232 1199 1197
f 1232 1197 1195
f 1232 1195 1193
f 1232 1193 1191
f 1188 1190 1233
f 1233 1190 1192
f 1233 1192 1194
f 1233 1194 1196
f 1233 1196 1198
f 1233 1198 1200
f 1233 1200 1202
f 1233 1202 1204
f 1233 1204 1206
f 1233 1206 1208
f 1233 1208 1210
f 1233 1210 1212
f 1233 1212 1235
f 1235 1212 1214
f 1235 1214 1216
f 1235 1216 1218
f 1235 1218 1220
f 1235 1220 1222
f 1235 1222 1224
f 1235 1224 1226
f 1235 1226 1228
f 1235 1228 1230
f 1235 1230 1188
f 1235 1188 1233

g Body14
f 1236 1237 1238
f 1236 1238 1239
f 1239 1238 1240
f 1240 1238 1237
f 1237 1236 1241
f 1237 1241 1242
f 1242 1241 1243
f 1242 1243 1244
f 1244 1243 1245
f 1240 1237 1246
f 1246 1237 1247
f 1246 1247 1248
f 1248 1247 1237
f 1248 1237 1249
f 1249 1237 1242
f 1249 1242 1250
f 1250 1242 1251
f 1250 1251 1252
f 1246 1248 1253
f 1253 1248 1254
f 1253 1254 1255
f 1255 1254 1256
f 1255 1256 1257
f 1257 1256 1258
f 1258 1256 1249
f 1258 1249 1250
f 1258 1250 1259
f 1259 1250 1260
f 1260 1250 1261
f 1255 1257 1262
f 1262 1257 1263
f 1262 1263 1264
f 1264 1263 1265
f 1264 1265 1266
f 1265 1263 1258
f 1265 1258 1259
f 1265 1259 1267
f 1267 1259 1268
f 1268 1259 1269
f 1268 1269 1270
f 1270 1269 1271
f 1265 1272 1266
f 1266 1272 1273
f 1273 1272 1274
f 1273 1274 1275
f 1275 1274 1276
f 1272 1267 1274
f 1274 1267 1270
f 1274 1270 1277
f 1277 1270 1278
f 1278 1270 1279
f 1275 1276 1280
f 1280 1276 1281
f 1276 1282 1281
f 1281 1282 1277
f 1281 1277 1283
f 1283 1277 1278
f 1283 1278 1284
f 1283 1284 1285
f 1285 1284 1286
f 1286 1284 1287
f 1280 1281 1288
f 1288 1281 1289
f 1288 1289 1290
f 1290 1289 1285
f 1290 1285 1286
f 1290 1286 1291
f 1291 1286 1292
f 1291 1292 1293
f 1288 1290 1294
f 1294 1290 1295
f 1295 1296 1294
f 1294 1296 1297
f 1297 1296 1298
f 1297 1298 1299
f 1299 1298 1300
f 1296 1295 1298
f 1298 1295 1291
f 1298 1291 1301
f 1301 1291 1302
f 1302 1291 1303
f 1302 1303 1304
f 1304 1303 1305
f 1299 1300 1306
f 1299 1306 1307
f 1308 1309 1300
f 1300 1309 1306
f 1310 1311 1247
f 1247 1311 1237
f 1237 1311 1312
f 1237 1312 1242
f 1242 1312 1313
f 1242 1313 1251
f 1251 1313 1314
f 1314 1252 1251
f 1252 1314 1315
f 1252 1315 1250
f 1250 1315 1316
f 1250 1316 1249
f 1249 1316 1317
f 1249 1317 1248
f 1238 1318 1237
f 1237 1318 1311
f 1236 1319 1320
f 1236 1320 1241
f 1241 1320 1321
f 1241 1321 1243
f 1243 1321 1322
f 1243 1322 1245
f 1245 1322 1244
f 1244 1322 1323
f 1244 1323 1242
f 1242 1323 1312
f 1242 1312 1311
f 1242 1311 1237
f 1239 1324 1236
f 1236 1324 1319
f 1299 1325 1297
f 1297 1325 1326
f 1297 1326 1327
f 1297 1327 1294
f 1294 1327 1328
f 1294 1328 1288
f 1288 1328 1329
f 1288 1329 1280
f 1280 1329 1330
f 1280 1330 1275
f 1275 1330 1331
f 1275 1331 1273
f 1273 1331 1332
f 1273 1332 1266
f 1266 1332 1333
f 1266 1333 1264
f 1264 1333 1334
f 1264 1334 1262
f 1262 1334 1335
f 1262 1335 1255
f 1255 1335 1336
f 1255 1336 1253
f 1253 1336 1337
f 1253 1337 1246
f 1246 1337 1338
f 1246 1338 1240
f 1240 1338 1239
f 1239 1338 1324
f 1339 1325 1307
f 1307 1325 1299
f 1340 1339 1306
f 1306 1339 1307
f 1341 1340 1309
f 1309 1340 1306
f 1342 1341 1308
f 1308 1341 1309
f 1343 1342 1300
f 1300 1342 1308
f 1298 1344 1300
f 1300 1344 1343
f 1345 1346 1296
f 1296 1346 1295
f 1295 1346 1347
f 1295 1347 1291
f 1291 1347 1348
f 1291 1348 1303
f 1349 1305 1348
f 1348 1305 1303
f 1305 1349 1350
f 1305 1350 1304
f 1304 1350 1351
f 1304 1351 1302
f 1302 1351 1352
f 1302 1352 1301
f 1301 1352 1344
f 1301 1344 1298
f 1290 1353 1295
f 1295 1353 1346
f 1289 1354 1355
f 1289 1355 1285
f 1285 1355 1356
f 1285 1356 1286
f 1286 1356 1357
f 1286 1357 1292
f 1292 1357 1358
f 1358 1293 1292
f 1293 1358 1347
f 1293 1347 1291
f 1291 1347 1353
f 1291 1353 1290
f 1281 1359 1289
f 1289 1359 1354
f 1360 1361 1276
f 1276 1361 1282
f 1282 1361 1362
f 1282 1362 1277
f 1277 1362 1363
f 1277 1363 1278
f 1278 1363 1364
f 1278 1364 1284
f 1365 1287 1364
f 1364 1287 1284
f 1365 1356 1287
f 1287 1356 1286
f 1286 1356 1355
f 1286 1355 1285
f 1285 1355 1366
f 1285 1366 1283
f 1283 1366 1359
f 1283 1359 1281
f 1274 1367 1276
f 1276 1367 1360
f 1368 1369 1272
f 1272 1369 1267
f 1267 1369 1370
f 1267 1370 1270
f 1270 1370 1371
f 1270 1371 1279
f 1371 1363 1279
f 1279 1363 1278
f 1278 1363 1362
f 1278 1362 1277
f 1277 1362 1367
f 1277 1367 1274
f 1265 1372 1272
f 1272 1372 1368
f 1263 1373 1374
f 1263 1374 1258
f 1258 1374 1375
f 1258 1375 1259
f 1259 1375 1376
f 1259 1376 1269
f 1269 1376 1271
f 1271 1376 1377
f 1271 1377 1370
f 1271 1370 1270
f 1270 1370 1268
f 1268 1370 1378
f 1268 1378 1369
f 1268 1369 1267
f 1267 1369 1372
f 1267 1372 1265
f 1257 1379 1263
f 1263 1379 1373
f 1256 1380 1316
f 1256 1316 1249
f 1249 1316 1315
f 1249 1315 1250
f 1250 1315 1381
f 1250 1381 1261
f 1261 1381 1382
f 1382 1260 1261
f 1260 1382 1375
f 1260 1375 1259
f 1259 1375 1374
f 1259 1374 1258
f 1258 1374 1379
f 1258 1379 1257
f 1248 1317 1254
f 1254 1317 1383
f 1254 1383 1256
f 1256 1383 1380
f 1311 1319 1318
f 1318 1319 1324
f 1318 1324 1338
f 1319 1311 1320
f 1320 1311 1312
f 1320 1312 1321
f 1321 1312 1323
f 1321 1323 1322
f 1337 1311 1338
f 1338 1311 1318
f 1336 1317 1337
f 1337 1317 1310
f 1337 1310 1311
f 1335 1383 1336
f 1336 1383 1317
f 1334 1379 1335
f 1335 1379 1380
f 1335 1380 1383
f 1333 1373 1334
f 1334 1373 1379
f 1373 1333 1372
f 1372 1333 1332
f 1372 1332 1368
f 1368 1332 1331
f 1368 1331 1367
f 1367 1331 1330
f 1367 1330 1360
f 1360 1330 1329
f 1360 1329 1359
f 1359 1329 1328
f 1359 1328 1354
f 1354 1328 1353
f 1354 1353 1355
f 1355 1353 1356
f 1356 1353 1347
f 1356 1347 1357
f 1357 1347 1358
f 1328 1327 1353
f 1353 1327 1346
f 1346 1327 1345
f 1345 1327 1326
f 1345 1326 1344
f 1344 1326 1325
f 1344 1325 1343
f 1343 1325 1340
f 1343 1340 1341
f 1325 1339 1340
f 1341 1342 1343
f 1352 1347 1344
f 1344 1347 1346
f 1347 1352 1351
f 1347 1351 1348
f 1348 1351 1350
f 1348 1350 1349
f 1346 1345 1344
f 1366 1362 1359
f 1359 1362 1361
f 1362 1366 1363
f 1363 1366 1364
f 1364 1366 1355
f 1364 1355 1356
f 1364 1356 1365
f 1361 1360 1359
f 1367 1369 1368
f 1369 1367 1370
f 1370 1367 1362
f 1370 1362 1363
f 1370 1363 1371
f 1372 1374 1373
f 1374 1372 1375
f 1375 1372 1369
f 1375 1369 1378
f 1375 1378 1376
f 1376 1378 1370
f 1376 1370 1377
f 1380 1379 1374
f 1380 1374 1316
f 1316 1374 1315
f 1315 1374 1375
f 1315 1375 1382
f 1315 1382 1381
f 1310 1317 1311
f 1311 1317 1316
f 1311 1316 1312
f 1312 1316 1315
f 1312 1315 1313
f 1313 1315 1314

g Body15
f 1384 1385 1386
f 1386 1385 1387
f 1385 1388 1389
f 1389 1388 1390
f 1388 1385 1391
f 1391 1385 1392
f 1391 1392 1393
f 1391 1393 1394
f 1394 1393 1395
f 1394 1395 1396
f 1396 1395 1397
f 1396 1397 1398
f 1398 1397 1399
f 1398 1399 1400
f 1400 1399 1401
f 1400 1401 1402
f 1402 1401 1403
f 1402 1403 1404
f 1404 1403 1405
f 1404 1405 1406
f 1406 1405 1407
f 1406 1407 1408
f 1408 1407 1409
f 1408 1409 1410
f 1410 1409 1411
f 1410 1411 1412
f 1412 1411 1413
f 1412 1413 1414
f 1414 1413 1415
f 1415 1413 1416
f 1385 1417 1418
f 1392 1385 1419
f 1392 1419 1420
f 1420 1419 1421
f 1421 1419 1422
f 1421 1422 1423
f 1423 1422 1424
f 1423 1424 1425
f 1425 1424 1426
f 1392 1420 1393
f 1393 1420 1427
f 1393 1427 1428
f 1393 1428 1395
f 1395 1428 1429
f 1429 1428 1430
f 1430 1428 1431
f 1430 1431 1432
f 1432 1431 1433
f 1395 1429 1434
f 1395 1434 1397
f 1434 1435 1397
f 1397 1435 1399
f 1436 1435 1437
f 1436 1437 1438
f 1438 1437 1439
f 1438 1439 1440
f 1435 1442 1399
f 1399 1442 1401
f 1401 1442 1443
f 1444 1443 1445
f 1444 1445 1446
f 1447 1446 1448
f 1447 1448 1449
f 1449 1448 1450
f 1449 1450 1451
f 1443 1452 1401
f 1401 1452 1403
f 1403 1452 1453
f 1403 1453 1454
f 1403 1454 1405
f 1405 1454 1455
f 1454 1456 1455
f 1455 1456 1457
f 1457 1458 1459
f 1459 1458 1460
f 1405 1455 1407
f 1407 1455 1461
f 1461 1462 1407
f 1407 1462 1409
f 1409 1462 1463
f 1464 1463 1465
f 1464 1465 1466
f 1466 1465 1467
f 1409 1468 1411
f 1411 1468 1469
f 1411 1469 1470
f 1470 1469 1471
f 1472 1471 1473
f 1473 1471 1474
f 1473 1474 1475
f 1473 1475 1476
f 1411 1470 1413
f 1413 1470 1477
f 1413 1477 1478
f 1413 1478 1416
f 1481 1482 1479
f 1479 1482 1480
f 1385 1389 1417
f 1418 1387 1385
f 1417 1483 1418
f 1418 1483 1484
f 1479 1480 1487
f 1479 1487 1478
f 1419 1488 1489
f 1489 1488 1490
f 1420 1491 1492
f 1492 1491 1493
f 1492 1493 1423
f 1423 1493 1494
f 1423 1494 1495
f 1495 1494 1496
f 1495 1496 1497
f 1495 1497 1425
f 1498 1499 1497
f 1497 1499 1425
f 1499 1498 1500
f 1499 1500 1501
f 1501 1500 1502
f 1501 1502 1490
f 1501 1490 1488
f 1501 1488 1419
f 1427 1503 1420
f 1420 1503 1491
f 1430 1504 1505
f 1430 1505 1506
f 1506 1505 1432
f 1432 1505 1507
f 1432 1507 1508
f 1508 1507 1496
f 1496 1509 1510
f 1496 1510 1508
f 1509 1496 1495
f 1495 1494 1493
f 1495 1493 1423
f 1423 1493 1511
f 1423 1511 1431
f 1431 1511 1503
f 1431 1503 1427
f 1437 1512 1430
f 1430 1512 1504
f 1513 1514 1515
f 1515 1514 1436
f 1436 1514 1448
f 1448 1514 1516
f 1448 1516 1517
f 1448 1517 1441
f 1441 1517 1518
f 1519 1520 1518
f 1518 1520 1441
f 1520 1519 1521
f 1520 1521 1505
f 1520 1505 1506
f 1506 1505 1522
f 1506 1522 1439
f 1439 1522 1512
f 1439 1512 1437
f 1515 1523 1513
f 1444 1524 1525
f 1444 1525 1526
f 1526 1525 1527
f 1526 1527 1528
f 1528 1527 1449
f 1449 1527 1529
f 1449 1529 1451
f 1529 1530 1451
f 1529 1531 1530
f 1530 1531 1448
f 1448 1531 1516
f 1448 1516 1523
f 1448 1523 1445
f 1445 1523 1515
f 1453 1532 1533
f 1453 1533 1444
f 1444 1533 1524
f 1455 1534 1535
f 1535 1534 1536
f 1535 1536 1537
f 1535 1537 1459
f 1459 1537 1538
f 1459 1538 1460
f 1460 1538 1539
f 1539 1538 1540
f 1541 1539 1540
f 1541 1527 1539
f 1539 1527 1458
f 1458 1527 1542
f 1458 1542 1526
f 1526 1542 1525
f 1526 1525 1532
f 1526 1532 1543
f 1543 1532 1453
f 1462 1544 1545
f 1462 1545 1535
f 1535 1545 1534
f 1464 1546 1547
f 1464 1547 1548
f 1548 1547 1549
f 1548 1549 1550
f 1548 1550 1551
f 1551 1550 1552
f 1551 1552 1553
f 1553 1467 1551
f 1467 1553 1554
f 1554 1553 1537
f 1554 1537 1459
f 1459 1537 1555
f 1459 1555 1535
f 1535 1555 1544
f 1535 1544 1462
f 1455 1556 1557
f 1455 1557 1534
f 1534 1557 1556
f 1534 1556 1455
f 1457 1558 1455
f 1455 1558 1559
f 1455 1559 1556
f 1556 1559 1534
f 1459 1558 1457
f 1457 1558 1560
f 1558 1560 1559
f 1559 1560 1534
f 1560 1558 1561
f 1560 1561 1562
f 1562 1561 1460
f 1558 1459 1561
f 1561 1459 1460
f 1561 1460 1458
f 1561 1458 1563
f 1563 1458 1542
f 1542 1458 1564
f 1542 1564 1565
f 1565 1564 1457
f 1457 1564 1458
f 1563 1542 1561
f 1542 1562 1561
f 1457 1564 1566
f 1457 1566 1565
f 1565 1566 1567
f 1567 1566 1568
f 1568 1566 1557
f 1568 1557 1569
f 1568 1569 1570
f 1570 1569 1571
f 1570 1571 1454
f 1454 1571 1456
f 1456 1571 1556
f 1456 1556 1457
f 1457 1556 1564
f 1557 1566 1564
f 1557 1564 1556
f 1557 1556 1571
f 1569 1557 1571
f 1570 1454 1533
f 1533 1454 1453
f 1533 1453 1452
f 1452 1572 1573
f 1452 1573 1533
f 1533 1573 1574
f 1574 1573 1575
f 1575 1573 1576
f 1575 1576 1524
f 1524 1576 1577
f 1524 1577 1578
f 1524 1578 1444
f 1444 1578 1443
f 1443 1578 1452
f 1452 1578 1572
f 1576 1573 1572
f 1576 1572 1578
f 1577 1576 1578
f 1524 1444 1579
f 1446 1580 1444
f 1444 1580 1524
f 1446 1447 1580
f 1581 1580 1527
f 1580 1447 1449
f 1580 1449 1582
f 1582 1449 1451
f 1582 1451 1529
f 1582 1529 1580
f 1580 1529 1527
f 1581 1524 1580
f 1582 1451 1450
f 1450 1448 1583
f 1583 1448 1446
f 1583 1446 1584
f 1584 1446 1585
f 1585 1584 1575
f 1575 1584 1443
f 1443 1584 1445
f 1445 1584 1446
f 1584 1585 1583
f 1585 1516 1583
f 1583 1516 1450
f 1450 1516 1582
f 1516 1586 1582
f 1586 1529 1582
f 1443 1587 1576
f 1443 1576 1575
f 1575 1576 1588
f 1588 1576 1587
f 1588 1587 1443
f 1588 1443 1589
f 1589 1443 1442
f 1589 1442 1400
f 1442 1590 1591
f 1442 1591 1400
f 1400 1591 1592
f 1592 1591 1593
f 1592 1593 1594
f 1592 1594 1595
f 1595 1594 1596
f 1595 1596 1435
f 1435 1596 1442
f 1442 1596 1590
f 1593 1591 1590
f 1593 1590 1596
f 1594 1593 1596
f 1595 1435 1597
f 1597 1435 1436
f 1597 1436 1438
f 1438 1598 1597
f 1597 1598 1595
f 1438 1583 1514
f 1438 1514 1598
f 1598 1514 1595
f 1438 1440 1583
f 1583 1440 1599
f 1583 1599 1517
f 1599 1440 1441
f 1599 1441 1517
f 1517 1514 1583
f 1599 1440 1600
f 1600 1440 1601
f 1601 1600 1602
f 1601 1602 1592
f 1592 1602 1435
f 1435 1602 1437
f 1437 1602 1439
f 1439 1602 1600
f 1439 1600 1440
f 1601 1603 1600
f 1600 1603 1599
f 1603 1517 1599
f 1435 1596 1594
f 1435 1594 1592
f 1592 1593 1596
f 1592 1596 1435
f 1592 1435 1512
f 1512 1435 1434
f 1512 1434 1604
f 1429 1605 1434
f 1434 1605 1606
f 1434 1606 1604
f 1604 1606 1607
f 1607 1606 1504
f 1504 1606 1608
f 1504 1608 1609
f 1504 1609 1430
f 1430 1609 1429
f 1429 1609 1605
f 1608 1606 1605
f 1608 1605 1609
f 1504 1430 1610
f 1430 1611 1612
f 1430 1612 1610
f 1610 1612 1504
f 1430 1432 1611
f 1611 1432 1613
f 1611 1613 1612
f 1612 1613 1507
f 1507 1613 1614
f 1613 1432 1614
f 1614 1432 1433
f 1614 1433 1615
f 1615 1433 1507
f 1615 1507 1614
f 1507 1433 1614
f 1614 1433 1431
f 1614 1431 1616
f 1616 1431 1511
f 1511 1431 1617
f 1511 1617 1428
f 1428 1617 1431
f 1511 1618 1616
f 1616 1618 1614
f 1618 1507 1614
f 1428 1619 1620
f 1428 1620 1511
f 1511 1620 1504
f 1504 1620 1606
f 1607 1606 1621
f 1621 1606 1622
f 1621 1622 1619
f 1621 1619 1428
f 1428 1619 1429
f 1429 1619 1605
f 1429 1605 1428
f 1428 1605 1619
f 1606 1620 1619
f 1606 1619 1605
f 1622 1606 1605
f 1622 1605 1619
f 1621 1428 1427
f 1621 1427 1623
f 1623 1427 1420
f 1420 1624 1625
f 1420 1625 1623
f 1623 1625 1491
f 1491 1625 1624
f 1491 1624 1421
f 1421 1624 1420
f 1491 1421 1626
f 1423 1626 1421
f 1626 1493 1491
f 1423 1626 1493
f 1626 1423 1627
f 1626 1627 1493
f 1493 1627 1628
f 1628 1627 1629
f 1628 1629 1630
f 1630 1629 1425
f 1630 1425 1426
f 1627 1423 1629
f 1629 1423 1425
f 1630 1426 1628
f 1630 1426 1629
f 1629 1426 1424
f 1629 1424 1631
f 1631 1424 1632
f 1632 1631 1488
f 1488 1631 1422
f 1422 1631 1424
f 1631 1632 1629
f 1632 1628 1629
f 1422 1633 1634
f 1422 1634 1488
f 1488 1634 1635
f 1635 1634 1633
f 1635 1633 1419
f 1419 1633 1422
f 1385 1384 1419
f 1419 1384 1635
f 1478 1636 1637
f 1478 1637 1638
f 1638 1637 1636
f 1638 1636 1478
f 1638 1639 1478
f 1478 1640 1479
f 1479 1640 1637
f 1479 1637 1641
f 1641 1637 1639
f 1639 1637 1642
f 1642 1637 1640
f 1642 1640 1477
f 1477 1640 1478
f 1486 1479 1641
f 1486 1641 1643
f 1643 1641 1644
f 1644 1643 1479
f 1643 1479 1486
f 1645 1646 1644
f 1644 1646 1479
f 1645 1646 1481
f 1646 1481 1479
f 1646 1645 1647
f 1647 1645 1481
f 1647 1481 1646
f 1646 1481 1485
f 1481 1647 1482
f 1647 1645 1648
f 1482 1647 1480
f 1480 1647 1649
f 1647 1648 1649
f 1648 1650 1649
f 1649 1650 1480
f 1649 1650 1651
f 1651 1650 1638
f 1651 1638 1478
f 1478 1487 1651
f 1651 1487 1649
f 1649 1487 1480
f 1486 1652 1487
f 1485 1482 1653
f 1485 1486 1480
f 1485 1480 1482
f 1480 1486 1487
f 1654 1485 1655
f 1655 1485 1653
f 1477 1413 1652
f 1652 1413 1656
f 1652 1656 1487
f 1477 1472 1413
f 1413 1472 1657
f 1657 1472 1469
f 1657 1469 1658
f 1658 1469 1468
f 1469 1472 1659
f 1659 1472 1473
f 1659 1473 1548
f 1548 1473 1476
f 1548 1476 1660
f 1468 1464 1658
f 1658 1464 1407
f 1407 1464 1462
f 1407 1462 1405
f 1405 1462 1535
f 1462 1464 1535
f 1535 1464 1548
f 1535 1548 1459
f 1459 1548 1554
f 1554 1548 1551
f 1554 1551 1467
f 1535 1455 1405
f 1405 1455 1661
f 1661 1455 1453
f 1455 1535 1453
f 1453 1535 1543
f 1543 1535 1459
f 1543 1459 1526
f 1526 1459 1460
f 1526 1460 1458
f 1458 1460 1539
f 1661 1453 1662
f 1662 1453 1444
f 1662 1444 1515
f 1515 1444 1526
f 1515 1526 1445
f 1445 1526 1528
f 1445 1528 1448
f 1448 1528 1449
f 1448 1449 1451
f 1448 1451 1530
f 1662 1515 1663
f 1663 1515 1664
f 1664 1515 1437
f 1664 1437 1665
f 1515 1436 1437
f 1437 1436 1448
f 1437 1448 1439
f 1439 1448 1441
f 1439 1441 1506
f 1506 1441 1520
f 1437 1430 1665
f 1665 1430 1393
f 1393 1430 1427
f 1427 1430 1506
f 1427 1506 1431
f 1431 1506 1432
f 1431 1432 1423
f 1423 1432 1508
f 1423 1508 1495
f 1495 1508 1510
f 1495 1510 1509
f 1393 1420 1666
f 1666 1420 1419
f 1419 1420 1492
f 1419 1492 1423
f 1419 1423 1495
f 1419 1495 1501
f 1501 1495 1425
f 1501 1425 1499
f 1666 1419 1667
f 1667 1419 1489
f 1667 1489 1668
f 1667 1668 1669
f 1387 1418 1489
f 1489 1418 1668
f 1642 1477 1670
f 1470 1671 1477
f 1477 1671 1672
f 1477 1672 1670
f 1670 1672 1673
f 1670 1673 1674
f 1674 1673 1675
f 1674 1675 1676
f 1674 1675 1677
f 1674 1677 1471
f 1471 1677 1470
f 1470 1677 1678
f 1470 1678 1671
f 1672 1671 1678
f 1673 1672 1678
f 1675 1673 1678
f 1675 1678 1677
f 1471 1677 1675
f 1471 1675 1679
f 1679 1675 1677
f 1679 1677 1468
f 1468 1677 1469
f 1469 1677 1471
f 1468 1680 1681
f 1468 1681 1410
f 1410 1681 1546
f 1546 1681 1682
f 1546 1682 1683
f 1546 1683 1464
f 1464 1683 1463
f 1463 1683 1684
f 1463 1684 1409
f 1409 1684 1685
f 1409 1685 1680
f 1409 1680 1468
f 1681 1680 1685
f 1682 1681 1685
f 1682 1685 1684
f 1682 1684 1683
f 1463 1684 1686
f 1463 1686 1545
f 1545 1686 1684
f 1545 1684 1462
f 1462 1684 1463
f 1687 1476 1688
f 1688 1476 1475
f 1688 1475 1474
f 1688 1474 1689
f 1689 1474 1690
f 1690 1689 1677
f 1690 1677 1679
f 1679 1677 1471
f 1471 1677 1474
f 1474 1677 1689
f 1690 1691 1689
f 1689 1691 1688
f 1691 1549 1688
f 1549 1687 1688
f 1674 1471 1692
f 1692 1471 1472
f 1473 1692 1472
f 1473 1693 1694
f 1473 1694 1692
f 1692 1694 1674
f 1694 1693 1687
f 1687 1693 1688
f 1688 1693 1476
f 1693 1473 1476
f 1553 1467 1695
f 1695 1467 1465
f 1695 1465 1696
f 1696 1465 1547
f 1547 1696 1536
f 1536 1696 1545
f 1545 1696 1463
f 1463 1696 1465
f 1696 1547 1695
f 1547 1553 1695
f 1466 1697 1464
f 1464 1697 1547
f 1464 1547 1683
f 1683 1547 1546
f 1547 1697 1698
f 1698 1697 1466
f 1698 1466 1467
f 1698 1467 1695
f 1695 1553 1698
f 1698 1553 1547
f 1545 1462 1461
f 1545 1461 1699
f 1699 1461 1534
f 1534 1461 1455
f 1679 1468 1410
f 1387 1418 1386
f 1386 1418 1484
f 1478 1639 1416
f 1416 1639 1415
f 1417 1389 1483
f 1483 1389 1390
f 1386 1484 1384
f 1384 1484 1483
f 1384 1483 1388
f 1388 1483 1390
f 1391 1384 1388
f 1394 1623 1391
f 1396 1621 1394
f 1398 1512 1396
f 1396 1512 1604
f 1396 1604 1607
f 1398 1400 1592
f 1592 1595 1514
f 1592 1514 1601
f 1601 1514 1517
f 1601 1517 1603
f 1402 1588 1400
f 1400 1588 1589
f 1404 1533 1402
f 1402 1533 1574
f 1406 1570 1404
f 1404 1570 1533
f 1408 1699 1406
f 1406 1699 1534
f 1408 1410 1545
f 1545 1410 1546
f 1545 1546 1536
f 1536 1546 1547
f 1414 1670 1412
f 1415 1642 1414
f 1414 1642 1670
f 1415 1639 1642
f 1639 1638 1641
f 1641 1638 1650
f 1641 1650 1644
f 1644 1650 1645
f 1645 1650 1648
f 1670 1679 1412
f 1679 1670 1674
f 1679 1674 1676
f 1679 1674 1690
f 1690 1674 1694
f 1690 1694 1691
f 1691 1694 1549
f 1549 1694 1687
f 1679 1410 1412
f 1545 1699 1408
f 1406 1534 1570
f 1570 1534 1568
f 1568 1534 1567
f 1567 1534 1565
f 1565 1534 1560
f 1565 1560 1542
f 1542 1560 1562
f 1574 1575 1402
f 1402 1575 1588
f 1575 1524 1585
f 1585 1524 1581
f 1585 1581 1527
f 1585 1527 1516
f 1516 1527 1586
f 1586 1527 1529
f 1398 1592 1512
f 1607 1621 1396
f 1511 1504 1612
f 1511 1612 1507
f 1511 1507 1618
f 1394 1621 1623
f 1391 1623 1635
f 1635 1623 1491
f 1635 1491 1493
f 1635 1493 1488
f 1488 1493 1632
f 1632 1493 1628
f 1391 1635 1384
f 1487 1638 1700
f 1487 1700 1480
f 1480 1700 1701
f 1480 1701 1482
f 1482 1701 1648
f 1482 1648 1702
f 1482 1702 1653
f 1653 1702 1703
f 1703 1655 1653
f 1703 1654 1655
f 1654 1703 1485
f 1485 1703 1645
f 1485 1645 1704
f 1485 1704 1705
f 1485 1705 1486
f 1486 1705 1639
f 1486 1639 1652
f 1472 1674 1694
f 1472 1694 1473
f 1473 1694 1704
f 1473 1704 1687
f 1473 1687 1476
f 1476 1687 1549
f 1549 1660 1476
f 1660 1549 1548
f 1548 1549 1691
f 1548 1691 1659
f 1659 1691 1676
f 1659 1676 1469
f 1652 1639 1477
f 1477 1639 1706
f 1477 1706 1472
f 1472 1706 1674
f 1469 1676 1410
f 1469 1410 1468
f 1468 1410 1464
f 1464 1410 1546
f 1656 1415 1487
f 1487 1415 1638
f 1490 1707 1489
f 1489 1707 1387
f 1667 1708 1666
f 1666 1708 1391
f 1666 1391 1393
f 1393 1394 1665
f 1665 1394 1709
f 1665 1709 1664
f 1664 1709 1710
f 1664 1710 1663
f 1663 1710 1711
f 1663 1711 1662
f 1662 1711 1712
f 1662 1712 1661
f 1661 1712 1404
f 1661 1404 1405
f 1405 1404 1713
f 1405 1713 1407
f 1407 1713 1408
f 1407 1408 1658
f 1658 1408 1714
f 1658 1714 1657
f 1657 1714 1715
f 1657 1715 1413
f 1413 1715 1414
f 1413 1414 1656
f 1656 1414 1415
f 1669 1708 1667
f 1716 1708 1668
f 1668 1708 1669
f 1717 1716 1418
f 1418 1716 1668
f 1707 1717 1387
f 1387 1717 1418
f 1705 1638 1639
f 1639 1638 1415
f 1639 1415 1414
f 1638 1705 1700
f 1700 1705 1704
f 1700 1704 1701
f 1701 1704 1645
f 1701 1645 1648
f 1648 1645 1703
f 1648 1703 1702
f 1715 1674 1414
f 1414 1674 1706
f 1674 1715 1676
f 1676 1715 1714
f 1676 1714 1410
f 1410 1714 1546
f 1546 1714 1408
f 1546 1408 1544
f 1544 1408 1713
f 1544 1713 1545
f 1545 1713 1534
f 1534 1713 1404
f 1534 1404 1532
f 1532 1404 1712
f 1532 1712 1533
f 1533 1712 1524
f 1524 1712 1523
f 1524 1523 1525
f 1525 1523 1527
f 1527 1523 1516
f 1527 1516 1531
f 1527 1531 1529
f 1712 1711 1523
f 1523 1711 1513
f 1513 1711 1710
f 1513 1710 1512
f 1512 1710 1709
f 1512 1709 1504
f 1504 1709 1394
f 1504 1394 1503
f 1503 1394 1491
f 1491 1394 1391
f 1491 1391 1488
f 1491 1488 1493
f 1493 1488 1494
f 1494 1488 1490
f 1494 1490 1496
f 1496 1490 1502
f 1496 1502 1497
f 1497 1502 1500
f 1497 1500 1498
f 1391 1708 1488
f 1488 1708 1490
f 1490 1708 1716
f 1490 1716 1717
f 1717 1707 1490
f 1503 1505 1504
f 1505 1503 1511
f 1505 1511 1493
f 1505 1493 1507
f 1507 1493 1494
f 1507 1494 1496
f 1514 1512 1516
f 1516 1512 1522
f 1516 1522 1517
f 1517 1522 1505
f 1517 1505 1518
f 1518 1505 1519
f 1519 1505 1521
f 1514 1513 1512
f 1532 1536 1534
f 1536 1532 1537
f 1537 1532 1525
f 1537 1525 1542
f 1537 1542 1538
f 1538 1542 1527
f 1538 1527 1541
f 1538 1541 1540
f 1546 1544 1555
f 1546 1555 1547
f 1547 1555 1537
f 1547 1537 1549
f 1549 1537 1553
f 1549 1553 1550
f 1550 1553 1552
f 1674 1676 1691
f 1674 1691 1694
f 1694 1691 1704
f 1704 1691 1549
f 1704 1549 1687
f 1706 1639 1414
